lag,bucket_type,bucket,label,cell,rows,row_share,pool_share_of_all,events,rate,base,coverage,lift,ci_low,ci_high,sufficient,members,unconfirmed
0,all,ALL,win_50,decile 10,11542,0.1003163676818245,0.029336932457953022,957,0.0829145728643216,0.07375538868029481,0.2924441258778585,1.1241832542396166,1.0578423278674445,1.19428716013273,True,ret_12m_skip1|pe_vs_5y_median|inst_pct_delta_qoq,True
0,all,ALL,win_50,deciles 8-10,34536,0.3001668752607426,0.08778203945311606,2777,0.08040884873754922,0.07375538868029481,0.2924441258778585,1.0902098162087512,1.0519558417124744,1.1297292215305965,True,ret_12m_skip1|pe_vs_5y_median|inst_pct_delta_qoq,True
0,all,ALL,win_100,decile 10,11542,0.1003163676818245,0.029336932457953022,167,0.014468896205163749,0.009612710332359895,0.2924441258778585,1.5051838352453166,1.2947758194273757,1.7492021051705142,True,ret_12m_skip1|pe_vs_5y_median|inst_pct_delta_qoq,True
0,all,ALL,win_100,deciles 8-10,34536,0.3001668752607426,0.08778203945311606,422,0.012219133657632615,0.009612710332359895,0.2924441258778585,1.2711434377148083,1.1561256800447635,1.397448357166026,True,ret_12m_skip1|pe_vs_5y_median|inst_pct_delta_qoq,True
0,all,ALL,launch_300,decile 10,11542,0.1003163676818245,0.029336932457953022,48,0.004158724657771617,0.0024335975524961756,0.2924441258778585,1.7088793722306113,1.2895795322416252,2.263758862970941,False,ret_12m_skip1|pe_vs_5y_median|inst_pct_delta_qoq,True
0,all,ALL,launch_300,deciles 8-10,34536,0.3001668752607426,0.08778203945311606,108,0.0031271716469770676,0.0024335975524961756,0.2924441258778585,1.2849995036235482,1.0646887641276508,1.5507255583189858,True,ret_12m_skip1|pe_vs_5y_median|inst_pct_delta_qoq,True
0,drawdown,0-10,win_50,decile 10,11382,0.10031640828125964,0.037425892983384904,927,0.08144438587243015,0.07225390222190885,0.37307847863186033,1.127197056046816,1.0595915870338888,1.1987114102687761,True,ret_12m_skip1|pe_vs_5y_median|inst_pct_delta_qoq,True
0,drawdown,0-10,win_50,deciles 8-10,34057,0.3001648143414918,0.11198503227333857,2684,0.07880905540711161,0.07225390222190885,0.37307847863186033,1.0907238638138925,1.0517734063687854,1.1309892085574111,True,ret_12m_skip1|pe_vs_5y_median|inst_pct_delta_qoq,True
0,drawdown,0-10,win_100,decile 10,11382,0.10031640828125964,0.037425892983384904,163,0.014320857494289229,0.009456994033192022,0.37307847863186033,1.514313897632386,1.3002292332241996,1.763052882760766,True,ret_12m_skip1|pe_vs_5y_median|inst_pct_delta_qoq,True
0,drawdown,0-10,win_100,deciles 8-10,34057,0.3001648143414918,0.11198503227333857,415,0.012185453798044454,0.009456994033192022,0.37307847863186033,1.2885123703447547,1.1709883807390076,1.4176715221830203,True,ret_12m_skip1|pe_vs_5y_median|inst_pct_delta_qoq,True
0,drawdown,0-10,launch_300,decile 10,11382,0.10031640828125964,0.037425892983384904,46,0.004041468986118433,0.0024149267149064435,0.37307847863186033,1.6735369074232975,1.255317373207466,2.2303370493347052,False,ret_12m_skip1|pe_vs_5y_median|inst_pct_delta_qoq,True
0,drawdown,0-10,launch_300,deciles 8-10,34057,0.3001648143414918,0.11198503227333857,105,0.003083066623601609,0.0024149267149064435,0.37307847863186033,1.2766708838702998,1.0549738694103203,1.5447820751329133,True,ret_12m_skip1|pe_vs_5y_median|inst_pct_delta_qoq,True
0,drawdown,10-20,win_50,decile 10,160,0.10031347962382445,0.004112687641373638,30,0.1875,0.180564263322884,0.04099835492494345,1.0384114583333335,0.7455199937945767,1.4124589165237376,False,ret_12m_skip1|pe_vs_5y_median|inst_pct_delta_qoq,True
0,drawdown,10-20,win_50,deciles 8-10,479,0.30031347962382443,0.012312358626362327,93,0.1941544885177453,0.180564263322884,0.04099835492494345,1.0752653096729299,0.8928820992313549,1.2846005787010257,False,ret_12m_skip1|pe_vs_5y_median|inst_pct_delta_qoq,True
0,drawdown,10-20,win_100,decile 10,160,0.10031347962382445,0.004112687641373638,4,0.025,0.020689655172413793,0.04099835492494345,1.2083333333333335,0.4719263031256131,3.0213115084181754,False,ret_12m_skip1|pe_vs_5y_median|inst_pct_delta_qoq,True
0,drawdown,10-20,win_100,deciles 8-10,479,0.30031347962382443,0.012312358626362327,7,0.014613778705636743,0.020689655172413793,0.04099835492494345,0.7063326374391092,0.3430000715028686,1.4429633402981898,False,ret_12m_skip1|pe_vs_5y_median|inst_pct_delta_qoq,True
0,drawdown,10-20,launch_300,decile 10,160,0.10031347962382445,0.004112687641373638,2,0.0125,0.003761755485893417,0.04099835492494345,3.322916666666667,0.9130500613663238,11.80974407660234,False,ret_12m_skip1|pe_vs_5y_median|inst_pct_delta_qoq,True
0,drawdown,10-20,launch_300,deciles 8-10,479,0.30031347962382443,0.012312358626362327,3,0.006263048016701462,0.003761755485893417,0.04099835492494345,1.6649269311064718,0.5668206398114229,4.851495809938658,False,ret_12m_skip1|pe_vs_5y_median|inst_pct_delta_qoq,True
0,drawdown,20-30,win_50,decile 10,0,,0.0,0,,,0.0,,,,False,ret_12m_skip1|pe_vs_5y_median|inst_pct_delta_qoq,True
0,drawdown,20-30,win_50,deciles 8-10,0,,0.0,0,,,0.0,,,,False,ret_12m_skip1|pe_vs_5y_median|inst_pct_delta_qoq,True
0,drawdown,20-30,win_100,decile 10,0,,0.0,0,,,0.0,,,,False,ret_12m_skip1|pe_vs_5y_median|inst_pct_delta_qoq,True
0,drawdown,20-30,win_100,deciles 8-10,0,,0.0,0,,,0.0,,,,False,ret_12m_skip1|pe_vs_5y_median|inst_pct_delta_qoq,True
0,drawdown,20-30,launch_300,decile 10,0,,0.0,0,,,0.0,,,,False,ret_12m_skip1|pe_vs_5y_median|inst_pct_delta_qoq,True
0,drawdown,20-30,launch_300,deciles 8-10,0,,0.0,0,,,0.0,,,,False,ret_12m_skip1|pe_vs_5y_median|inst_pct_delta_qoq,True
0,drawdown,>30,win_50,decile 10,0,,0.0,0,,,0.0,,,,False,ret_12m_skip1|pe_vs_5y_median|inst_pct_delta_qoq,True
0,drawdown,>30,win_50,deciles 8-10,0,,0.0,0,,,0.0,,,,False,ret_12m_skip1|pe_vs_5y_median|inst_pct_delta_qoq,True
0,drawdown,>30,win_100,decile 10,0,,0.0,0,,,0.0,,,,False,ret_12m_skip1|pe_vs_5y_median|inst_pct_delta_qoq,True
0,drawdown,>30,win_100,deciles 8-10,0,,0.0,0,,,0.0,,,,False,ret_12m_skip1|pe_vs_5y_median|inst_pct_delta_qoq,True
0,drawdown,>30,launch_300,decile 10,0,,0.0,0,,,0.0,,,,False,ret_12m_skip1|pe_vs_5y_median|inst_pct_delta_qoq,True
0,drawdown,>30,launch_300,deciles 8-10,0,,0.0,0,,,0.0,,,,False,ret_12m_skip1|pe_vs_5y_median|inst_pct_delta_qoq,True
0,mst,0-12,win_50,decile 10,11070,0.10031353643728365,0.03718945794769288,940,0.08491418247515808,0.07540279464269532,0.37073219894848236,1.1261410519004442,1.0591696702306335,1.196931685752899,True,ret_12m_skip1|pe_vs_5y_median|inst_pct_delta_qoq,True
0,mst,0-12,win_50,deciles 8-10,33124,0.300161299092013,0.11127945845161508,2731,0.08244777200821157,0.07540279464269532,0.37073219894848236,1.0934312501134695,1.0547883663416606,1.1333584040944336,True,ret_12m_skip1|pe_vs_5y_median|inst_pct_delta_qoq,True
0,mst,0-12,win_100,decile 10,11070,0.10031353643728365,0.03718945794769288,165,0.014905149051490514,0.009886365695851532,0.37073219894848236,1.5076469463136428,1.2957535322581462,1.7535825805924272,True,ret_12m_skip1|pe_vs_5y_median|inst_pct_delta_qoq,True
0,mst,0-12,win_100,deciles 8-10,33124,0.300161299092013,0.11127945845161508,416,0.012558869701726845,0.009886365695851532,0.37073219894848236,1.270322187960004,1.1546089963075892,1.3974699156274695,True,ret_12m_skip1|pe_vs_5y_median|inst_pct_delta_qoq,True
0,mst,0-12,launch_300,decile 10,11070,0.10031353643728365,0.03718945794769288,48,0.004336043360433604,0.002537289087844573,0.37073219894848236,1.7089276035617498,1.289640148579843,2.263748126939781,False,ret_12m_skip1|pe_vs_5y_median|inst_pct_delta_qoq,True
0,mst,0-12,launch_300,deciles 8-10,33124,0.300161299092013,0.11127945845161508,108,0.0032604757879483156,0.002537289087844573,0.37073219894848236,1.2850233753687443,1.0647196009632756,1.5507309088765304,True,ret_12m_skip1|pe_vs_5y_median|inst_pct_delta_qoq,True
0,mst,13-24,win_50,decile 10,472,0.10038281582305401,0.013912223302974033,17,0.036016949152542374,0.03509145044661846,0.1385916821410676,1.0263739085772985,0.6442268708614123,1.6220046373486103,False,ret_12m_skip1|pe_vs_5y_median|inst_pct_delta_qoq,True
0,mst,13-24,win_50,deciles 8-10,1412,0.3002977456401531,0.04161876971143927,46,0.032577903682719546,0.03509145044661846,0.1385916821410676,0.9283715340372564,0.6985277306200162,1.230495559608867,False,ret_12m_skip1|pe_vs_5y_median|inst_pct_delta_qoq,True
0,mst,13-24,win_100,decile 10,472,0.10038281582305401,0.013912223302974033,2,0.00423728813559322,0.0031901318587834963,0.1385916821410676,1.3282485875706216,0.3644950813316475,4.80116657224186,False,ret_12m_skip1|pe_vs_5y_median|inst_pct_delta_qoq,True
0,mst,13-24,win_100,deciles 8-10,1412,0.3002977456401531,0.04161876971143927,6,0.00424929178470255,0.0031901318587834963,0.1385916821410676,1.3320113314447595,0.6109150772005346,2.8963768441566358,False,ret_12m_skip1|pe_vs_5y_median|inst_pct_delta_qoq,True
0,mst,13-24,launch_300,decile 10,472,0.10038281582305401,0.013912223302974033,0,0.0,0.0,0.1385916821410676,,,,False,ret_12m_skip1|pe_vs_5y_median|inst_pct_delta_qoq,True
0,mst,13-24,launch_300,deciles 8-10,1412,0.3002977456401531,0.04161876971143927,0,0.0,0.0,0.1385916821410676,,,,False,ret_12m_skip1|pe_vs_5y_median|inst_pct_delta_qoq,True
0,mst,>24,win_50,decile 10,0,,0.0,0,,,0.0,,,,False,ret_12m_skip1|pe_vs_5y_median|inst_pct_delta_qoq,True
0,mst,>24,win_50,deciles 8-10,0,,0.0,0,,,0.0,,,,False,ret_12m_skip1|pe_vs_5y_median|inst_pct_delta_qoq,True
0,mst,>24,win_100,decile 10,0,,0.0,0,,,0.0,,,,False,ret_12m_skip1|pe_vs_5y_median|inst_pct_delta_qoq,True
0,mst,>24,win_100,deciles 8-10,0,,0.0,0,,,0.0,,,,False,ret_12m_skip1|pe_vs_5y_median|inst_pct_delta_qoq,True
0,mst,>24,launch_300,decile 10,0,,0.0,0,,,0.0,,,,False,ret_12m_skip1|pe_vs_5y_median|inst_pct_delta_qoq,True
0,mst,>24,launch_300,deciles 8-10,0,,0.0,0,,,0.0,,,,False,ret_12m_skip1|pe_vs_5y_median|inst_pct_delta_qoq,True
3,all,ALL,win_50,decile 10,10992,0.10034690524009494,0.027938967386745766,970,0.08824599708879186,0.07584444038707322,0.2784238070909872,1.1635130622419667,1.0954808604703261,1.23533851687196,True,ret_12m_skip1|pe_vs_5y_median|inst_pct_delta_qoq,True
3,all,ALL,win_50,deciles 8-10,32881,0.30017345262004747,0.08357543546611969,2717,0.08263130683373376,0.07584444038707322,0.2784238070909872,1.0894840335299947,1.0508868623274228,1.1293668659706297,True,ret_12m_skip1|pe_vs_5y_median|inst_pct_delta_qoq,True
3,all,ALL,win_100,decile 10,10992,0.10034690524009494,0.027938967386745766,140,0.012736535662299854,0.009932444769034142,0.2784238070909872,1.2823162835002997,1.0877418543762851,1.5111679178702222,True,ret_12m_skip1|pe_vs_5y_median|inst_pct_delta_qoq,True
3,all,ALL,win_100,deciles 8-10,32881,0.30017345262004747,0.08357543546611969,394,0.011982603935403425,0.009932444769034142,0.2784238070909872,1.2064103263640544,1.0936107953784133,1.3306890032727774,True,ret_12m_skip1|pe_vs_5y_median|inst_pct_delta_qoq,True
3,all,ALL,launch_300,decile 10,10992,0.10034690524009494,0.027938967386745766,43,0.00391193595342067,0.002437465765930254,0.2784238070909872,1.6049193420887646,1.192096032099091,2.15994866768071,False,ret_12m_skip1|pe_vs_5y_median|inst_pct_delta_qoq,True
3,all,ALL,launch_300,deciles 8-10,32881,0.30017345262004747,0.08357543546611969,108,0.0032845716371156593,0.002437465765930254,0.2784238070909872,1.3475354948676004,1.1165167696355012,1.6261643709028004,True,ret_12m_skip1|pe_vs_5y_median|inst_pct_delta_qoq,True
3,drawdown,0-10,win_50,decile 10,10835,0.10034544393713477,0.03562726677868348,932,0.08601753576372866,0.07433990572066274,0.3550461822761335,1.1570842729737298,1.0880241795890657,1.2300916947659322,True,ret_12m_skip1|pe_vs_5y_median|inst_pct_delta_qoq,True
3,drawdown,0-10,win_50,deciles 8-10,32412,0.300175037276457,0.10657600099960213,2614,0.08064914229297791,0.07433990572066274,0.3550461822761335,1.0848701180227827,1.0456591735442415,1.1254180409741548,True,ret_12m_skip1|pe_vs_5y_median|inst_pct_delta_qoq,True
3,drawdown,0-10,win_100,decile 10,10835,0.10034544393713477,0.03562726677868348,135,0.012459621596677434,0.009798382988969873,0.3550461822761335,1.2715997742386005,1.0753823124491473,1.503086752039428,True,ret_12m_skip1|pe_vs_5y_median|inst_pct_delta_qoq,True
3,drawdown,0-10,win_100,deciles 8-10,32412,0.300175037276457,0.10657600099960213,381,0.011754905590522028,0.009798382988969873,0.3550461822761335,1.1996781105366703,1.0856927572049357,1.325473530902819,True,ret_12m_skip1|pe_vs_5y_median|inst_pct_delta_qoq,True
3,drawdown,0-10,launch_300,decile 10,10835,0.10034544393713477,0.03562726677868348,40,0.0036917397323488694,0.002417181436787464,0.3550461822761335,1.5272911152484057,1.122143398920241,2.07797990502449,False,ret_12m_skip1|pe_vs_5y_median|inst_pct_delta_qoq,True
3,drawdown,0-10,launch_300,deciles 8-10,32412,0.300175037276457,0.10657600099960213,103,0.0031778353696161913,0.002417181436787464,0.3550461822761335,1.3146863207089943,1.084401325403675,1.593686079381258,True,ret_12m_skip1|pe_vs_5y_median|inst_pct_delta_qoq,True
3,drawdown,10-20,win_50,decile 10,157,0.10044785668586052,0.004035574748097882,38,0.24203821656050956,0.17978246960972488,0.04017581739666872,1.346283745494934,1.0107756393071532,1.7503306064609954,False,ret_12m_skip1|pe_vs_5y_median|inst_pct_delta_qoq,True
3,drawdown,10-20,win_50,deciles 8-10,469,0.3000639795265515,0.012055315648776476,103,0.21961620469083157,0.17978246960972488,0.04017581739666872,1.2215662915721344,1.0262970647469645,1.4421760781672601,True,ret_12m_skip1|pe_vs_5y_median|inst_pct_delta_qoq,True
3,drawdown,10-20,win_100,decile 10,157,0.10044785668586052,0.004035574748097882,5,0.03184713375796178,0.019193857965451054,0.04017581739666872,1.659235668789809,0.7126439429229449,3.770901610140811,False,ret_12m_skip1|pe_vs_5y_median|inst_pct_delta_qoq,True
3,drawdown,10-20,win_100,deciles 8-10,469,0.3000639795265515,0.012055315648776476,13,0.02771855010660981,0.019193857965451054,0.04017581739666872,1.4441364605543712,0.8476232068351461,2.4404556587404493,False,ret_12m_skip1|pe_vs_5y_median|inst_pct_delta_qoq,True
3,drawdown,10-20,launch_300,decile 10,157,0.10044785668586052,0.004035574748097882,3,0.01910828025477707,0.003838771593090211,0.04017581739666872,4.977707006369426,1.6983242231400582,14.24097436572481,False,ret_12m_skip1|pe_vs_5y_median|inst_pct_delta_qoq,True
3,drawdown,10-20,launch_300,deciles 8-10,469,0.3000639795265515,0.012055315648776476,5,0.010660980810234541,0.003838771593090211,0.04017581739666872,2.777185501066098,1.1884248241003552,6.437175619457189,False,ret_12m_skip1|pe_vs_5y_median|inst_pct_delta_qoq,True
3,drawdown,20-30,win_50,decile 10,0,,0.0,0,,,0.0,,,,False,ret_12m_skip1|pe_vs_5y_median|inst_pct_delta_qoq,True
3,drawdown,20-30,win_50,deciles 8-10,0,,0.0,0,,,0.0,,,,False,ret_12m_skip1|pe_vs_5y_median|inst_pct_delta_qoq,True
3,drawdown,20-30,win_100,decile 10,0,,0.0,0,,,0.0,,,,False,ret_12m_skip1|pe_vs_5y_median|inst_pct_delta_qoq,True
3,drawdown,20-30,win_100,deciles 8-10,0,,0.0,0,,,0.0,,,,False,ret_12m_skip1|pe_vs_5y_median|inst_pct_delta_qoq,True
3,drawdown,20-30,launch_300,decile 10,0,,0.0,0,,,0.0,,,,False,ret_12m_skip1|pe_vs_5y_median|inst_pct_delta_qoq,True
3,drawdown,20-30,launch_300,deciles 8-10,0,,0.0,0,,,0.0,,,,False,ret_12m_skip1|pe_vs_5y_median|inst_pct_delta_qoq,True
3,drawdown,>30,win_50,decile 10,0,,0.0,0,,,0.0,,,,False,ret_12m_skip1|pe_vs_5y_median|inst_pct_delta_qoq,True
3,drawdown,>30,win_50,deciles 8-10,0,,0.0,0,,,0.0,,,,False,ret_12m_skip1|pe_vs_5y_median|inst_pct_delta_qoq,True
3,drawdown,>30,win_100,decile 10,0,,0.0,0,,,0.0,,,,False,ret_12m_skip1|pe_vs_5y_median|inst_pct_delta_qoq,True
3,drawdown,>30,win_100,deciles 8-10,0,,0.0,0,,,0.0,,,,False,ret_12m_skip1|pe_vs_5y_median|inst_pct_delta_qoq,True
3,drawdown,>30,launch_300,decile 10,0,,0.0,0,,,0.0,,,,False,ret_12m_skip1|pe_vs_5y_median|inst_pct_delta_qoq,True
3,drawdown,>30,launch_300,deciles 8-10,0,,0.0,0,,,0.0,,,,False,ret_12m_skip1|pe_vs_5y_median|inst_pct_delta_qoq,True
3,mst,0-12,win_50,decile 10,10522,0.10034714274814985,0.03534846219743672,958,0.09104732940505607,0.07752536812390326,0.3522617707825912,1.1744198268048418,1.1054296563305022,1.2472603327629868,True,ret_12m_skip1|pe_vs_5y_median|inst_pct_delta_qoq,True
3,mst,0-12,win_50,deciles 8-10,31475,0.3001735713740749,0.10573967379436615,2667,0.0847339158061954,0.07752536812390326,0.3522617707825912,1.092983082270196,1.0539490368696685,1.133324472247903,True,ret_12m_skip1|pe_vs_5y_median|inst_pct_delta_qoq,True
3,mst,0-12,win_100,decile 10,10522,0.10034714274814985,0.03534846219743672,139,0.013210416270670974,0.010204470893415732,0.3522617707825912,1.2945714097920333,1.0975263803618067,1.526435748018193,True,ret_12m_skip1|pe_vs_5y_median|inst_pct_delta_qoq,True
3,mst,0-12,win_100,deciles 8-10,31475,0.3001735713740749,0.10573967379436615,388,0.012327243844320889,0.010204470893415732,0.3522617707825912,1.208023813588889,1.0942630596687384,1.3334485120871014,True,ret_12m_skip1|pe_vs_5y_median|inst_pct_delta_qoq,True
3,mst,0-12,launch_300,decile 10,10522,0.10034714274814985,0.03534846219743672,43,0.004086675536970158,0.0025463492790112154,0.3522617707825912,1.6049155434627074,1.1921161248635619,2.1598683329419535,False,ret_12m_skip1|pe_vs_5y_median|inst_pct_delta_qoq,True
3,mst,0-12,launch_300,deciles 8-10,31475,0.3001735713740749,0.10573967379436615,108,0.003431294678316124,0.0025463492790112154,0.3522617707825912,1.3475349617584849,1.1165290923439997,1.626136651385397,True,ret_12m_skip1|pe_vs_5y_median|inst_pct_delta_qoq,True
3,mst,13-24,win_50,decile 10,470,0.10034158838599487,0.013853273204232618,12,0.02553191489361702,0.03821520068317677,0.13806113125239486,0.6681088791156543,0.38373540294088226,1.1537917246487728,False,ret_12m_skip1|pe_vs_5y_median|inst_pct_delta_qoq,True
3,mst,13-24,win_50,deciles 8-10,1406,0.3001707941929974,0.04144191941521502,50,0.03556187766714083,0.03821520068317677,0.13806113125239486,0.9305689105747913,0.7085625123065954,1.2188042212056975,False,ret_12m_skip1|pe_vs_5y_median|inst_pct_delta_qoq,True
3,mst,13-24,win_100,decile 10,470,0.10034158838599487,0.013853273204232618,1,0.002127659574468085,0.003842869342442357,0.13806113125239486,0.5536643026004728,0.09776104988565247,3.110226310906646,False,ret_12m_skip1|pe_vs_5y_median|inst_pct_delta_qoq,True
3,mst,13-24,win_100,deciles 8-10,1406,0.3001707941929974,0.04144191941521502,6,0.004267425320056899,0.003842869342442357,0.13806113125239486,1.1104788999525843,0.5093127862631227,2.41463274489173,False,ret_12m_skip1|pe_vs_5y_median|inst_pct_delta_qoq,True
3,mst,13-24,launch_300,decile 10,470,0.10034158838599487,0.013853273204232618,0,0.0,0.0,0.13806113125239486,,,,False,ret_12m_skip1|pe_vs_5y_median|inst_pct_delta_qoq,True
3,mst,13-24,launch_300,deciles 8-10,1406,0.3001707941929974,0.04144191941521502,0,0.0,0.0,0.13806113125239486,,,,False,ret_12m_skip1|pe_vs_5y_median|inst_pct_delta_qoq,True
3,mst,>24,win_50,decile 10,0,,0.0,0,,,0.0,,,,False,ret_12m_skip1|pe_vs_5y_median|inst_pct_delta_qoq,True
3,mst,>24,win_50,deciles 8-10,0,,0.0,0,,,0.0,,,,False,ret_12m_skip1|pe_vs_5y_median|inst_pct_delta_qoq,True
3,mst,>24,win_100,decile 10,0,,0.0,0,,,0.0,,,,False,ret_12m_skip1|pe_vs_5y_median|inst_pct_delta_qoq,True
3,mst,>24,win_100,deciles 8-10,0,,0.0,0,,,0.0,,,,False,ret_12m_skip1|pe_vs_5y_median|inst_pct_delta_qoq,True
3,mst,>24,launch_300,decile 10,0,,0.0,0,,,0.0,,,,False,ret_12m_skip1|pe_vs_5y_median|inst_pct_delta_qoq,True
3,mst,>24,launch_300,deciles 8-10,0,,0.0,0,,,0.0,,,,False,ret_12m_skip1|pe_vs_5y_median|inst_pct_delta_qoq,True
6,all,ALL,win_50,decile 10,10407,0.1003181029496819,0.02645204090191623,951,0.09138080138368405,0.0767977636398689,0.26368162997643796,1.1898888333806181,1.1197519660125281,1.2639522454489958,True,ret_12m_skip1|pe_vs_5y_median|inst_pct_delta_qoq,True
6,all,ALL,win_50,deciles 8-10,31138,0.3001542317331791,0.07914515706773013,2608,0.08375618215685016,0.0767977636398689,0.26368162997643796,1.0906070461844655,1.0512072405198436,1.131344004895006,True,ret_12m_skip1|pe_vs_5y_median|inst_pct_delta_qoq,True
6,all,ALL,win_100,decile 10,10407,0.1003181029496819,0.02645204090191623,180,0.017296050735082155,0.010246770773086562,0.26368162997643796,1.6879513671283375,1.4603151983256422,1.9503518914684919,True,ret_12m_skip1|pe_vs_5y_median|inst_pct_delta_qoq,True
6,all,ALL,win_100,deciles 8-10,31138,0.3001542317331791,0.07914515706773013,406,0.01303873081122744,0.010246770773086562,0.26368162997643796,1.2724721866008792,1.1552367459014257,1.4014319913453692,True,ret_12m_skip1|pe_vs_5y_median|inst_pct_delta_qoq,True
6,all,ALL,launch_300,decile 10,10407,0.1003181029496819,0.02645204090191623,56,0.0053809935620255595,0.0025448235974551764,0.26368162997643796,2.1144858792595893,1.629351926155101,2.74305428128536,False,ret_12m_skip1|pe_vs_5y_median|inst_pct_delta_qoq,True
6,all,ALL,launch_300,deciles 8-10,31138,0.3001542317331791,0.07914515706773013,126,0.004046502665553343,0.0025448235974551764,0.26368162997643796,1.5900916156231204,1.3360281857043539,1.892235124153846,True,ret_12m_skip1|pe_vs_5y_median|inst_pct_delta_qoq,True
6,drawdown,0-10,win_50,decile 10,10253,0.1003189699033306,0.03371355480220044,920,0.08972983517019409,0.07529059528002818,0.33606360626198123,1.1917801265411976,1.1203320934929015,1.2673098658441064,True,ret_12m_skip1|pe_vs_5y_median|inst_pct_delta_qoq,True
6,drawdown,0-10,win_50,deciles 8-10,30677,0.3001545927752338,0.10087103488414151,2525,0.08230922189262314,0.07529059528002818,0.33606360626198123,1.0932204956872846,1.0530635201975695,1.1347666977251363,True,ret_12m_skip1|pe_vs_5y_median|inst_pct_delta_qoq,True
6,drawdown,0-10,win_100,decile 10,10253,0.1003189699033306,0.03371355480220044,173,0.0168731103091778,0.010126805213103206,0.33606360626198123,1.6661829623567226,1.4372693217748471,1.930832220801329,True,ret_12m_skip1|pe_vs_5y_median|inst_pct_delta_qoq,True
6,drawdown,0-10,win_100,deciles 8-10,30677,0.3001545927752338,0.10087103488414151,393,0.01281090067477263,0.010126805213103206,0.33606360626198123,1.2650485918497216,1.1466660610259523,1.3954782645267843,True,ret_12m_skip1|pe_vs_5y_median|inst_pct_delta_qoq,True
6,drawdown,0-10,launch_300,decile 10,10253,0.1003189699033306,0.03371355480220044,54,0.005266751194772262,0.0025145786857657232,0.33606360626198123,2.0944865335039076,1.606262249207021,2.730083982681662,False,ret_12m_skip1|pe_vs_5y_median|inst_pct_delta_qoq,True
6,drawdown,0-10,launch_300,deciles 8-10,30677,0.3001545927752338,0.10087103488414151,121,0.003944323108517782,0.0025145786857657232,0.33606360626198123,1.5685820972099278,1.3132719409718985,1.8732919307691573,True,ret_12m_skip1|pe_vs_5y_median|inst_pct_delta_qoq,True
6,drawdown,10-20,win_50,decile 10,154,0.10026041666666667,0.003958461854822126,31,0.2012987012987013,0.17708333333333334,0.03948180135718692,1.1367456073338427,0.8221780274305444,1.53341722596413,False,ret_12m_skip1|pe_vs_5y_median|inst_pct_delta_qoq,True
6,drawdown,10-20,win_50,deciles 8-10,461,0.3001302083333333,0.011849681266707794,83,0.18004338394793926,0.17708333333333334,0.03948180135718692,1.016715579941304,0.8338395826506511,1.229454666715457,False,ret_12m_skip1|pe_vs_5y_median|inst_pct_delta_qoq,True
6,drawdown,10-20,win_100,decile 10,154,0.10026041666666667,0.003958461854822126,7,0.045454545454545456,0.018229166666666668,0.03948180135718692,2.4935064935064934,1.2172818445800426,4.983443019266695,False,ret_12m_skip1|pe_vs_5y_median|inst_pct_delta_qoq,True
6,drawdown,10-20,win_100,deciles 8-10,461,0.3001302083333333,0.011849681266707794,13,0.028199566160520606,0.018229166666666668,0.03948180135718692,1.5469476293771303,0.9080354516749783,2.6136322946928106,False,ret_12m_skip1|pe_vs_5y_median|inst_pct_delta_qoq,True
6,drawdown,10-20,launch_300,decile 10,154,0.10026041666666667,0.003958461854822126,2,0.012987012987012988,0.004557291666666667,0.03948180135718692,2.849721706864564,0.7830884825176945,10.117977260498945,False,ret_12m_skip1|pe_vs_5y_median|inst_pct_delta_qoq,True
6,drawdown,10-20,launch_300,deciles 8-10,461,0.3001302083333333,0.011849681266707794,5,0.010845986984815618,0.004557291666666667,0.03948180135718692,2.3799194298109696,1.0184575790396246,5.5154078728922125,False,ret_12m_skip1|pe_vs_5y_median|inst_pct_delta_qoq,True
6,drawdown,20-30,win_50,decile 10,0,,0.0,0,,,0.0,,,,False,ret_12m_skip1|pe_vs_5y_median|inst_pct_delta_qoq,True
6,drawdown,20-30,win_50,deciles 8-10,0,,0.0,0,,,0.0,,,,False,ret_12m_skip1|pe_vs_5y_median|inst_pct_delta_qoq,True
6,drawdown,20-30,win_100,decile 10,0,,0.0,0,,,0.0,,,,False,ret_12m_skip1|pe_vs_5y_median|inst_pct_delta_qoq,True
6,drawdown,20-30,win_100,deciles 8-10,0,,0.0,0,,,0.0,,,,False,ret_12m_skip1|pe_vs_5y_median|inst_pct_delta_qoq,True
6,drawdown,20-30,launch_300,decile 10,0,,0.0,0,,,0.0,,,,False,ret_12m_skip1|pe_vs_5y_median|inst_pct_delta_qoq,True
6,drawdown,20-30,launch_300,deciles 8-10,0,,0.0,0,,,0.0,,,,False,ret_12m_skip1|pe_vs_5y_median|inst_pct_delta_qoq,True
6,drawdown,>30,win_50,decile 10,0,,0.0,0,,,0.0,,,,False,ret_12m_skip1|pe_vs_5y_median|inst_pct_delta_qoq,True
6,drawdown,>30,win_50,deciles 8-10,0,,0.0,0,,,0.0,,,,False,ret_12m_skip1|pe_vs_5y_median|inst_pct_delta_qoq,True
6,drawdown,>30,win_100,decile 10,0,,0.0,0,,,0.0,,,,False,ret_12m_skip1|pe_vs_5y_median|inst_pct_delta_qoq,True
6,drawdown,>30,win_100,deciles 8-10,0,,0.0,0,,,0.0,,,,False,ret_12m_skip1|pe_vs_5y_median|inst_pct_delta_qoq,True
6,drawdown,>30,launch_300,decile 10,0,,0.0,0,,,0.0,,,,False,ret_12m_skip1|pe_vs_5y_median|inst_pct_delta_qoq,True
6,drawdown,>30,launch_300,deciles 8-10,0,,0.0,0,,,0.0,,,,False,ret_12m_skip1|pe_vs_5y_median|inst_pct_delta_qoq,True
6,mst,0-12,win_50,decile 10,9949,0.10032166661624871,0.033423479414778356,925,0.0929741682581164,0.07851085498784927,0.33316311961433154,1.1842205548838507,1.1135272195906163,1.2589158374648746,True,ret_12m_skip1|pe_vs_5y_median|inst_pct_delta_qoq,True
6,mst,0-12,win_50,deciles 8-10,29767,0.3001583124098779,0.10000167974064804,2543,0.08543017435415057,0.07851085498784927,0.33316311961433154,1.0881320088460655,1.0483652247351445,1.1292615017448902,True,ret_12m_skip1|pe_vs_5y_median|inst_pct_delta_qoq,True
6,mst,0-12,win_100,decile 10,9949,0.10032166661624871,0.033423479414778356,175,0.01758970750829229,0.010466769519315123,0.33316311961433154,1.6805287893110352,1.4509384992222587,1.945697199969015,True,ret_12m_skip1|pe_vs_5y_median|inst_pct_delta_qoq,True
6,mst,0-12,win_100,deciles 8-10,29767,0.3001583124098779,0.10000167974064804,396,0.013303322471192931,0.010466769519315123,0.33316311961433154,1.2710055807231928,1.1525206350723214,1.4014905139141245,True,ret_12m_skip1|pe_vs_5y_median|inst_pct_delta_qoq,True
6,mst,0-12,launch_300,decile 10,9949,0.10032166661624871,0.033423479414778356,53,0.005327168559654236,0.0026318177693075598,0.33316311961433154,2.0241403572010355,1.5484804159519536,2.6448915884957565,False,ret_12m_skip1|pe_vs_5y_median|inst_pct_delta_qoq,True
6,mst,0-12,launch_300,deciles 8-10,29767,0.3001583124098779,0.10000167974064804,123,0.00413209258574932,0.0026318177693075598,0.33316311961433154,1.5700526966335089,1.316424784848107,1.87230400144733,True,ret_12m_skip1|pe_vs_5y_median|inst_pct_delta_qoq,True
6,mst,13-24,win_50,decile 10,458,0.10024075289997811,0.013499572611784125,26,0.056768558951965066,0.03961479536003502,0.13467150057476346,1.4330140654780574,0.9852792545899692,2.0668746051629374,False,ret_12m_skip1|pe_vs_5y_median|inst_pct_delta_qoq,True
6,mst,13-24,win_50,deciles 8-10,1371,0.3000656598818122,0.04041029268724025,65,0.04741064916119621,0.03961479536003502,0.13467150057476346,1.196791469709975,0.9433557037748995,1.5140712929600149,False,ret_12m_skip1|pe_vs_5y_median|inst_pct_delta_qoq,True
6,mst,13-24,win_100,decile 10,458,0.10024075289997811,0.013499572611784125,5,0.010917030567685589,0.005471656817684395,0.13467150057476346,1.9951965065502182,0.8538305501171968,4.62351449221223,False,ret_12m_skip1|pe_vs_5y_median|inst_pct_delta_qoq,True
6,mst,13-24,win_100,deciles 8-10,1371,0.3000656598818122,0.04041029268724025,10,0.007293946024799417,0.005471656817684395,0.13467150057476346,1.3330415754923413,0.7249579837871618,2.4443274614533017,False,ret_12m_skip1|pe_vs_5y_median|inst_pct_delta_qoq,True
6,mst,13-24,launch_300,decile 10,458,0.10024075289997811,0.013499572611784125,3,0.006550218340611353,0.0006565988181221273,0.13467150057476346,9.975982532751091,3.3964647974480617,29.057403489994304,False,ret_12m_skip1|pe_vs_5y_median|inst_pct_delta_qoq,True
6,mst,13-24,launch_300,deciles 8-10,1371,0.3000656598818122,0.04041029268724025,3,0.002188183807439825,0.0006565988181221273,0.13467150057476346,3.3326039387308537,1.1338017409572847,9.768213018191698,False,ret_12m_skip1|pe_vs_5y_median|inst_pct_delta_qoq,True
6,mst,>24,win_50,decile 10,0,,0.0,0,,,0.0,,,,False,ret_12m_skip1|pe_vs_5y_median|inst_pct_delta_qoq,True
6,mst,>24,win_50,deciles 8-10,0,,0.0,0,,,0.0,,,,False,ret_12m_skip1|pe_vs_5y_median|inst_pct_delta_qoq,True
6,mst,>24,win_100,decile 10,0,,0.0,0,,,0.0,,,,False,ret_12m_skip1|pe_vs_5y_median|inst_pct_delta_qoq,True
6,mst,>24,win_100,deciles 8-10,0,,0.0,0,,,0.0,,,,False,ret_12m_skip1|pe_vs_5y_median|inst_pct_delta_qoq,True
6,mst,>24,launch_300,decile 10,0,,0.0,0,,,0.0,,,,False,ret_12m_skip1|pe_vs_5y_median|inst_pct_delta_qoq,True
6,mst,>24,launch_300,deciles 8-10,0,,0.0,0,,,0.0,,,,False,ret_12m_skip1|pe_vs_5y_median|inst_pct_delta_qoq,True
12,all,ALL,win_50,decile 10,9299,0.10029877147757056,0.023635776722102337,917,0.0986127540595763,0.07889939922125268,0.2356537011760699,1.2498543085612437,1.1751391083028724,1.3287709707938942,True,ret_12m_skip1|pe_vs_5y_median|inst_pct_delta_qoq,True
12,all,ALL,win_50,deciles 8-10,27826,0.3001305102844261,0.07072686558438752,2459,0.08837058865808955,0.07889939922125268,0.2356537011760699,1.1200413378342389,1.0784902287062126,1.1630327310213775,True,ret_12m_skip1|pe_vs_5y_median|inst_pct_delta_qoq,True
12,all,ALL,win_100,decile 10,9299,0.10029877147757056,0.023635776722102337,185,0.019894612323905797,0.010807545867354093,0.2356537011760699,1.8408075772318144,1.5959581679753991,2.122344650246896,True,ret_12m_skip1|pe_vs_5y_median|inst_pct_delta_qoq,True
12,all,ALL,win_100,deciles 8-10,27826,0.3001305102844261,0.07072686558438752,412,0.014806296269675842,0.010807545867354093,0.2356537011760699,1.3699961537429703,1.2447514320540989,1.507634647972788,True,ret_12m_skip1|pe_vs_5y_median|inst_pct_delta_qoq,True
12,all,ALL,launch_300,decile 10,9299,0.10029877147757056,0.023635776722102337,55,0.005914614474674697,0.0026964934798787655,0.2356537011760699,2.193446607162061,1.686325861782841,2.8518932291961985,False,ret_12m_skip1|pe_vs_5y_median|inst_pct_delta_qoq,True
12,all,ALL,launch_300,deciles 8-10,27826,0.3001305102844261,0.07072686558438752,107,0.0038453245166391145,0.0026964934798787655,0.2356537011760699,1.426046287644649,1.1805869146558168,1.7223020877270903,True,ret_12m_skip1|pe_vs_5y_median|inst_pct_delta_qoq,True
12,drawdown,0-10,win_50,decile 10,9146,0.10029608509705011,0.030073556248993,875,0.09567023835556528,0.07727821033008005,0.29984775796475743,1.2379975926839788,1.1621738229792928,1.3182146665270682,True,ret_12m_skip1|pe_vs_5y_median|inst_pct_delta_qoq,True
12,drawdown,0-10,win_50,deciles 8-10,27369,0.3001315933764667,0.0899937853683238,2369,0.08655778435456173,0.07727821033008005,0.29984775796475743,1.1200800844745968,1.0777196553569195,1.163942147499267,True,ret_12m_skip1|pe_vs_5y_median|inst_pct_delta_qoq,True
12,drawdown,0-10,win_100,decile 10,9146,0.10029608509705011,0.030073556248993,177,0.019352722501640062,0.010691961837920825,0.29984775796475743,1.8100253999226228,1.5642205858005116,2.0935771498247386,True,ret_12m_skip1|pe_vs_5y_median|inst_pct_delta_qoq,True
12,drawdown,0-10,win_100,deciles 8-10,27369,0.3001315933764667,0.0899937853683238,399,0.014578537761701194,0.010691961837920825,0.29984775796475743,1.3635044702456738,1.2369229538966064,1.5028288749080196,True,ret_12m_skip1|pe_vs_5y_median|inst_pct_delta_qoq,True
12,drawdown,0-10,launch_300,decile 10,9146,0.10029608509705011,0.030073556248993,53,0.005794883008965668,0.002686698102862156,0.29984775796475743,2.156879108520732,1.6501053979181362,2.8181074680457967,False,ret_12m_skip1|pe_vs_5y_median|inst_pct_delta_qoq,True
12,drawdown,0-10,launch_300,deciles 8-10,27369,0.3001315933764667,0.0899937853683238,105,0.003836457305710841,0.002686698102862156,0.29984775796475743,1.4279450681949861,1.1800489832817627,1.727674861809781,True,ret_12m_skip1|pe_vs_5y_median|inst_pct_delta_qoq,True
12,drawdown,10-20,win_50,decile 10,153,0.10045961917268549,0.003932757557063541,42,0.27450980392156865,0.17596848325673015,0.039147645486325315,1.5599941469124965,1.1932438927988152,1.9895152618973695,False,ret_12m_skip1|pe_vs_5y_median|inst_pct_delta_qoq,True
12,drawdown,10-20,win_50,deciles 8-10,457,0.3000656598818122,0.011746864075673453,90,0.19693654266958424,0.17596848325673015,0.039147645486325315,1.1191580391260327,0.926679287922952,1.3403494434599716,False,ret_12m_skip1|pe_vs_5y_median|inst_pct_delta_qoq,True
12,drawdown,10-20,win_100,decile 10,153,0.10045961917268549,0.003932757557063541,8,0.05228758169934641,0.01772816808929744,0.039147645486325315,2.9494069232631324,1.5077727891489077,5.628129048653084,False,ret_12m_skip1|pe_vs_5y_median|inst_pct_delta_qoq,True
12,drawdown,10-20,win_100,deciles 8-10,457,0.3000656598818122,0.011746864075673453,13,0.028446389496717725,0.01772816808929744,0.039147645486325315,1.6045870816111516,0.9419052342646849,2.7107160659865155,False,ret_12m_skip1|pe_vs_5y_median|inst_pct_delta_qoq,True
12,drawdown,10-20,launch_300,decile 10,153,0.10045961917268549,0.003932757557063541,2,0.013071895424836602,0.003282994090610637,0.039147645486325315,3.981699346405229,1.0941645633316837,14.13464287240176,False,ret_12m_skip1|pe_vs_5y_median|inst_pct_delta_qoq,True
12,drawdown,10-20,launch_300,deciles 8-10,457,0.3000656598818122,0.011746864075673453,2,0.00437636761487965,0.003282994090610637,0.039147645486325315,1.3330415754923413,0.3658183264030672,4.817110269129385,False,ret_12m_skip1|pe_vs_5y_median|inst_pct_delta_qoq,True
12,drawdown,20-30,win_50,decile 10,0,,0.0,0,,,0.0,,,,False,ret_12m_skip1|pe_vs_5y_median|inst_pct_delta_qoq,True
12,drawdown,20-30,win_50,deciles 8-10,0,,0.0,0,,,0.0,,,,False,ret_12m_skip1|pe_vs_5y_median|inst_pct_delta_qoq,True
12,drawdown,20-30,win_100,decile 10,0,,0.0,0,,,0.0,,,,False,ret_12m_skip1|pe_vs_5y_median|inst_pct_delta_qoq,True
12,drawdown,20-30,win_100,deciles 8-10,0,,0.0,0,,,0.0,,,,False,ret_12m_skip1|pe_vs_5y_median|inst_pct_delta_qoq,True
12,drawdown,20-30,launch_300,decile 10,0,,0.0,0,,,0.0,,,,False,ret_12m_skip1|pe_vs_5y_median|inst_pct_delta_qoq,True
12,drawdown,20-30,launch_300,deciles 8-10,0,,0.0,0,,,0.0,,,,False,ret_12m_skip1|pe_vs_5y_median|inst_pct_delta_qoq,True
12,drawdown,>30,win_50,decile 10,0,,0.0,0,,,0.0,,,,False,ret_12m_skip1|pe_vs_5y_median|inst_pct_delta_qoq,True
12,drawdown,>30,win_50,deciles 8-10,0,,0.0,0,,,0.0,,,,False,ret_12m_skip1|pe_vs_5y_median|inst_pct_delta_qoq,True
12,drawdown,>30,win_100,decile 10,0,,0.0,0,,,0.0,,,,False,ret_12m_skip1|pe_vs_5y_median|inst_pct_delta_qoq,True
12,drawdown,>30,win_100,deciles 8-10,0,,0.0,0,,,0.0,,,,False,ret_12m_skip1|pe_vs_5y_median|inst_pct_delta_qoq,True
12,drawdown,>30,launch_300,decile 10,0,,0.0,0,,,0.0,,,,False,ret_12m_skip1|pe_vs_5y_median|inst_pct_delta_qoq,True
12,drawdown,>30,launch_300,deciles 8-10,0,,0.0,0,,,0.0,,,,False,ret_12m_skip1|pe_vs_5y_median|inst_pct_delta_qoq,True
12,mst,0-12,win_50,decile 10,8858,0.10029779091228189,0.029758285320746477,894,0.10092571686610974,0.08099233443164963,0.29669930962659363,1.2461144326106826,1.1707852452301688,1.325715431032057,True,ret_12m_skip1|pe_vs_5y_median|inst_pct_delta_qoq,True
12,mst,0-12,win_50,deciles 8-10,26506,0.30012341904729556,0.08904641123410545,2403,0.09065871878065343,0.08099233443164963,0.29669930962659363,1.1193493732071813,1.0774009189188944,1.1627625679682925,True,ret_12m_skip1|pe_vs_5y_median|inst_pct_delta_qoq,True
12,mst,0-12,win_100,decile 10,8858,0.10029779091228189,0.029758285320746477,180,0.020320614134116052,0.011141682801725603,0.29669930962659363,1.823837071628788,1.5781791252557262,2.1068202463601176,True,ret_12m_skip1|pe_vs_5y_median|inst_pct_delta_qoq,True
12,mst,0-12,win_100,deciles 8-10,26506,0.30012341904729556,0.08904641123410545,404,0.015241832038029125,0.011141682801725603,0.29669930962659363,1.3680008944132298,1.2417893106586366,1.5068218484844564,True,ret_12m_skip1|pe_vs_5y_median|inst_pct_delta_qoq,True
12,mst,0-12,launch_300,decile 10,8858,0.10029779091228189,0.029758285320746477,55,0.006209076540979905,0.0028307120939343503,0.29669930962659363,2.193468051478889,1.6863925105641873,2.8517776522266227,False,ret_12m_skip1|pe_vs_5y_median|inst_pct_delta_qoq,True
12,mst,0-12,launch_300,deciles 8-10,26506,0.30012341904729556,0.08904641123410545,107,0.0040368218516562285,0.0028307120939343503,0.29669930962659363,1.4260799818908925,1.1806324972057778,1.7223051388205521,True,ret_12m_skip1|pe_vs_5y_median|inst_pct_delta_qoq,True
12,mst,13-24,win_50,decile 10,441,0.10031847133757962,0.012998496772482094,23,0.05215419501133787,0.036851683348498636,0.12957231703363103,1.4152459337644523,0.9497911183866226,2.09059092329108,False,ret_12m_skip1|pe_vs_5y_median|inst_pct_delta_qoq,True
12,mst,13-24,win_50,deciles 8-10,1320,0.3002729754322111,0.038907065169334155,56,0.04242424242424243,0.036851683348498636,0.12957231703363103,1.1512158623269735,0.8904282391985391,1.4840637551794882,False,ret_12m_skip1|pe_vs_5y_median|inst_pct_delta_qoq,True
12,mst,13-24,win_100,decile 10,441,0.10031847133757962,0.012998496772482094,5,0.011337868480725623,0.004094631483166515,0.12957231703363103,2.768959435626102,1.185043116066299,6.4140504020800515,False,ret_12m_skip1|pe_vs_5y_median|inst_pct_delta_qoq,True
12,mst,13-24,win_100,deciles 8-10,1320,0.3002729754322111,0.038907065169334155,8,0.006060606060606061,0.004094631483166515,0.12957231703363103,1.4801346801346802,0.7507769264119287,2.9095746569383967,False,ret_12m_skip1|pe_vs_5y_median|inst_pct_delta_qoq,True
12,mst,13-24,launch_300,decile 10,441,0.10031847133757962,0.012998496772482094,0,0.0,0.0,0.12957231703363103,,,,False,ret_12m_skip1|pe_vs_5y_median|inst_pct_delta_qoq,True
12,mst,13-24,launch_300,deciles 8-10,1320,0.3002729754322111,0.038907065169334155,0,0.0,0.0,0.12957231703363103,,,,False,ret_12m_skip1|pe_vs_5y_median|inst_pct_delta_qoq,True
12,mst,>24,win_50,decile 10,0,,0.0,0,,,0.0,,,,False,ret_12m_skip1|pe_vs_5y_median|inst_pct_delta_qoq,True
12,mst,>24,win_50,deciles 8-10,0,,0.0,0,,,0.0,,,,False,ret_12m_skip1|pe_vs_5y_median|inst_pct_delta_qoq,True
12,mst,>24,win_100,decile 10,0,,0.0,0,,,0.0,,,,False,ret_12m_skip1|pe_vs_5y_median|inst_pct_delta_qoq,True
12,mst,>24,win_100,deciles 8-10,0,,0.0,0,,,0.0,,,,False,ret_12m_skip1|pe_vs_5y_median|inst_pct_delta_qoq,True
12,mst,>24,launch_300,decile 10,0,,0.0,0,,,0.0,,,,False,ret_12m_skip1|pe_vs_5y_median|inst_pct_delta_qoq,True
12,mst,>24,launch_300,deciles 8-10,0,,0.0,0,,,0.0,,,,False,ret_12m_skip1|pe_vs_5y_median|inst_pct_delta_qoq,True
