label,lag,field,winners,population,winner_median,winner_coverage,population_median,population_coverage,winner_mean,population_mean
launch_300,0,years_since_first_price,4301,529158,8.413415468856947,1.0,16.32854209445585,1.0,12.242356766910785,16.28250718634637
launch_300,0,drawdown_from_3y_high,4301,529158,-0.5528113504992118,0.7888863055103464,-0.19398673229188956,0.9020349309657985,-0.5138967070887159,-0.2530140942670658
launch_300,0,months_since_3y_low,4301,529158,12.0,0.7888863055103464,26.0,0.9020349309657985,14.944591806660773,22.665877536825477
launch_300,0,realized_vol_12m,4301,529158,0.6597820129675156,0.9760520809114159,0.37147725725043057,0.9914732461760004,0.7131263492448193,0.42614835590105904
launch_300,0,avg_dollar_volume_20d,4301,529158,10.155890174430002,1.0,16.150492325000002,1.0,118.35155601117206,82.92991618235803
launch_300,0,price,4301,529158,13.39,1.0,30.2,1.0,27.507736805394075,51.832107551998604
launch_300,0,marketcap_musd,4301,529158,790.4,1.0,1868.9,1.0,5292.424087421529,10670.9614814477
launch_300,0,rev_growth_yoy,4301,529158,0.0662524015536391,0.9160660311555452,0.07348017621145364,0.962742696888264,0.6107888753684739,2.6409828114668517
launch_300,0,gross_margin,4301,529158,0.426,0.9388514299000232,0.441,0.9792576130380718,0.48423873204556617,0.4646879166007389
launch_300,0,op_margin,4301,529158,-0.0025433401653863546,0.9374564054870961,0.10311400305424606,0.9773526999497315,-8.124110794882805,-4.852998712080867
launch_300,0,cash_to_mcap,4301,529158,0.11295930652540333,1.0,0.0726757012291207,0.9999792122579645,0.21923366318326568,0.1436887344131197
launch_300,0,net_debt_to_mcap,4301,529158,0.052039406865732274,1.0,0.11437863131214662,0.9999792122579645,0.8469947424258227,0.3891853738828996
launch_300,0,capex_to_rev,4301,529158,0.03543076045317467,0.9374564054870961,0.03163900414937759,0.976528749447235,0.2361862857347558,0.4647554023088384
launch_300,0,rnd_to_rev,4301,529158,0.038128561616005384,0.9374564054870961,0.0,0.9773526999497315,6.0610256139206875,3.26333347923488
launch_300,0,shares_chg_4q,4301,529158,0.01778260534446896,0.9883747965589398,0.005176201571168715,0.9936502897055322,0.09339781587137877,0.0992337965056004
launch_300,0,shares_chg_8q,4301,529158,0.048525613306733995,0.8902580795163916,0.011440669930461,0.9425993748559032,0.23451031059995375,0.215127567612944
launch_300,0,rev_growth_streak,4301,529158,1.0,0.9160660311555452,3.0,0.962742696888264,3.3774111675126903,4.4983167891206675
launch_300,0,quarters_since_loss,4301,529158,0.0,1.0,7.0,0.9998148001164113,2.6628691002092535,6.448072052319207
launch_300,0,ev11_t12,4301,529158,1.0,1.0,1.0,1.0,1.9195535921878633,1.7525427188098828
launch_300,0,ev12_t12,4301,529158,0.0,1.0,0.0,1.0,0.18367821436875145,0.16637374848343972
launch_300,0,ev21_t12,4301,529158,0.0,1.0,0.0,1.0,0.16833294582655198,0.22528242982247268
launch_300,0,ev22_t12,4301,529158,4.0,1.0,4.0,1.0,4.1776331085794,4.088000181420294
launch_300,0,ev23_t12,4301,529158,0.0,1.0,0.0,1.0,0.6624040920716112,0.6421843759330862
launch_300,0,ev32_t12,4301,529158,0.0,1.0,0.0,1.0,0.24040920716112532,0.17240030387899266
launch_300,0,ev52_t12,4301,529158,2.0,1.0,2.0,1.0,2.5387119274587304,2.390121664984749
launch_300,0,ev53_t12,4301,529158,0.0,1.0,0.0,1.0,0.34178098116717043,0.3709024525756012
launch_300,0,ev71_t12,4301,529158,1.0,1.0,1.0,1.0,2.602883050453383,2.7548728357125847
launch_300,0,ev81_t12,4301,529158,2.0,1.0,2.0,1.0,2.812136712392467,3.045929571129984
launch_300,0,ev_total_t12,4301,529158,14.0,1.0,14.0,1.0,15.647523831667055,15.608610282751087
launch_300,0,insider_net_buys_12m,4301,529158,2.0,0.9532666821669379,0.0,0.8339588553891276,7.920731707317073,5.795522733040862
launch_300,0,officer_buys_12m,4301,529158,0.0,0.9532666821669379,0.0,0.8339588553891276,2.506341463414634,1.7723840687429753
launch_300,0,inst_pct,4301,529158,0.7494972975897524,0.6538014415252267,0.8234376900156226,0.5799213089474221,0.7054110563550209,0.7778647881708924
launch_300,0,inst_pct_delta_4q,4301,529158,0.01626824072915556,0.6010230179028133,0.00851600706902056,0.510671670843113,0.03100186072263284,0.017963382640733765
launch_300,0,spy_drawdown,4301,529158,-0.04868640498221366,1.0,-0.020479859475428075,1.0,-0.1138453657221108,-0.0682334622313402
launch_300,0,months_since_trough,4301,529158,2.0,1.0,3.0,1.0,5.867937688909556,8.368598792799126
launch_300,6,years_since_first_price,4301,529158,7.912388774811773,1.0,15.827515400410677,1.0,11.742326291531441,15.782574358783275
launch_300,6,drawdown_from_3y_high,4301,529158,-0.45018404400512835,0.727040223203906,-0.19319606087734997,0.8587397336901266,-0.4497875868990699,-0.2535133460740784
launch_300,6,months_since_3y_low,4301,529158,19.0,0.727040223203906,27.0,0.8587397336901266,17.848417013111607,22.823810707974534
launch_300,6,realized_vol_12m,4301,529158,0.5847081060873178,0.9314112996977447,0.36703282721737146,0.9691056357458453,0.6383649349271646,0.423775674270001
launch_300,6,avg_dollar_volume_20d,4301,529158,10.939279063,0.9946524064171123,14.962639498999998,0.9989436047456526,111.10806653232312,78.79012341913518
launch_300,6,price,4301,529158,16.76,0.9955824226923972,29.64,0.9991628209343901,29.841285847734742,49.94945864974662
launch_300,6,marketcap_musd,4301,529158,912.6,0.9955824226923972,1796.3,0.9991628209343901,5753.291078935086,10209.5420744634
launch_300,6,rev_growth_yoy,4301,529158,0.10436527847466137,0.8681701929783772,0.07608161625917909,0.9398100378336905,0.661932643985029,3.3536553932692965
launch_300,6,gross_margin,4301,529158,0.43,0.9379214136247385,0.44,0.9767026105624407,0.4896259295984119,0.45542444130565796
launch_300,6,op_margin,4301,529158,0.00992465575474149,0.9367588932806324,0.10362193437041718,0.9750263626364905,-7.958106193758055,-4.708236292463513
launch_300,6,cash_to_mcap,4301,529158,0.10667933447288633,0.9955824226923972,0.07262489458955032,0.9991231352450497,0.21887860573610723,0.1489481471226304
launch_300,6,net_debt_to_mcap,4301,529158,0.035353206287922115,0.9955824226923972,0.11093620494505663,0.9991231352450497,0.6711238845900206,0.41418178731251676
launch_300,6,capex_to_rev,4301,529158,0.03793353982639287,0.933968844454778,0.03157638830448727,0.973913273540228,-1.2383446662977775,0.46136824073388705
launch_300,6,rnd_to_rev,4301,529158,0.031020642201834862,0.9367588932806324,0.0,0.9750263626364905,5.850382216981737,3.1152060162683703
launch_300,6,shares_chg_4q,4301,529158,0.01751283448974328,0.9430365031388049,0.00525214137790142,0.9696234395020012,0.09573267791590978,0.09116436640314465
launch_300,6,shares_chg_8q,4301,529158,0.05267454273794758,0.8423622413392234,0.011929230815861613,0.9171873051149184,0.2818499838999001,0.24870122028578942
launch_300,6,rev_growth_streak,4301,529158,2.0,0.8681701929783772,3.0,0.9398100378336905,3.748527048741296,4.5615151978250905
launch_300,6,quarters_since_loss,4301,529158,0.0,0.9993024877935364,6.0,0.9996428287959361,2.9536993950674733,6.385171909885078
launch_300,6,ev11_t12,4301,529158,1.0,0.9981399674494303,1.0,0.9952547254317236,1.9019333799208014,1.7898497475538644
launch_300,6,ev12_t12,4301,529158,0.0,0.9981399674494303,0.0,0.9952547254317236,0.1793617516887957,0.16906011047247968
launch_300,6,ev21_t12,4301,529158,0.0,0.9981399674494303,0.0,0.9952547254317236,0.18867924528301888,0.22573374575379715
launch_300,6,ev22_t12,4301,529158,4.0,0.9981399674494303,4.0,0.9952547254317236,4.066154204518984,4.0432737678179125
launch_300,6,ev23_t12,4301,529158,0.0,0.9981399674494303,0.0,0.9952547254317236,0.6477987421383647,0.6425005743885372
launch_300,6,ev32_t12,4301,529158,0.0,0.9981399674494303,0.0,0.9952547254317236,0.24761239226648032,0.17690787187622828
launch_300,6,ev52_t12,4301,529158,2.0,0.9981399674494303,2.0,0.9952547254317236,2.4609829955741906,2.352403032771477
launch_300,6,ev53_t12,4301,529158,0.0,0.9981399674494303,0.0,0.9952547254317236,0.36641043559282555,0.369251130263725
launch_300,6,ev71_t12,4301,529158,1.0,0.9981399674494303,1.0,0.9952547254317236,2.5355229443279756,2.7129386477089965
launch_300,6,ev81_t12,4301,529158,2.0,0.9981399674494303,2.0,0.9952547254317236,2.759841602608898,3.0107434391537407
launch_300,6,ev_total_t12,4301,529158,14.0,0.9981399674494303,14.0,0.9952547254317236,15.354297693920335,15.492662067760758
launch_300,6,insider_net_buys_12m,4301,529158,1.0,0.8414322250639387,0.0,0.8123377138775186,5.912130422768721,6.052736387851717
launch_300,6,officer_buys_12m,4301,529158,0.0,0.8414322250639387,0.0,0.8123377138775186,2.0091185410334345,1.8626211164229798
launch_300,6,inst_pct,4301,529158,0.7432697419859265,0.6400837014647757,0.8164894788937898,0.5518484082258985,0.693040296074918,0.7700748555095478
launch_300,6,inst_pct_delta_4q,4301,529158,0.018918519251230448,0.5308067891188096,0.00801722189386278,0.45865129129673937,0.03652668281633758,0.020495139253026474
launch_300,6,spy_drawdown,4301,529158,-0.05924146811444653,1.0,-0.02999186209957816,1.0,-0.08866169972187593,-0.0721150281468152
launch_300,6,months_since_trough,4301,529158,2.0,1.0,3.0,1.0,5.653568937456406,9.216062121332381
launch_300,12,years_since_first_price,4301,529158,7.41409993155373,1.0,15.329226557152635,1.0,11.242119488631081,15.282556341705394
launch_300,12,drawdown_from_3y_high,4301,529158,-0.3963887505579617,0.680306905370844,-0.19007389613826509,0.8137928558200008,-0.40837742115671016,-0.25258688719628636
launch_300,12,months_since_3y_low,4301,529158,23.0,0.680306905370844,27.0,0.8137928558200008,19.904306220095695,22.829217997097242
launch_300,12,realized_vol_12m,4301,529158,0.5312536513115249,0.8779353638688677,0.3640845669368475,0.9448463407904634,0.586870032771674,0.42241205047832675
launch_300,12,avg_dollar_volume_20d,4301,529158,11.195310231000002,0.9714019995349918,14.2154925235,0.9885875296225324,110.20466007815256,76.15797015415468
launch_300,12,price,4301,529158,18.87,0.9762845849802372,29.28,0.9915318298126458,34.04429745177417,48.51910273558927
launch_300,12,marketcap_musd,4301,529158,982.9,0.9760520809114159,1741.4,0.9912937156766032,6541.959051929511,9873.643688411568
launch_300,12,rev_growth_yoy,4301,529158,0.10689773272141934,0.8163217856312486,0.0779035459471058,0.9169359624157624,0.842630973625682,3.252326630327706
launch_300,12,gross_margin,4301,529158,0.423,0.9160660311555452,0.437,0.9653317156690441,0.47701751269035547,0.46288445086558155
launch_300,12,op_margin,4301,529158,0.017837116566949997,0.9153685189490816,0.1036258870929972,0.9636554677430937,-7.711185758754337,-4.6403682824692165
launch_300,12,cash_to_mcap,4301,529158,0.09948878896670132,0.9746570564984888,0.07214875225332824,0.9908231567887096,0.1922450406201984,0.1506986714567277
launch_300,12,net_debt_to_mcap,4301,529158,0.03225456781750404,0.9746570564984888,0.10805860418806403,0.9908231567887096,0.47224339893388084,0.4220486185010579
launch_300,12,capex_to_rev,4301,529158,0.03834800530542236,0.9128109741920484,0.031556528781834,0.9606884900162145,0.31017997561653715,1.401766403336955
launch_300,12,rnd_to_rev,4301,529158,0.02785740068369535,0.9153685189490816,0.0,0.9636554677430937,5.285074051054355,3.0011720427086113
launch_300,12,shares_chg_4q,4301,529158,0.017624638258970093,0.8914205998604976,0.005407815034411123,0.9446214552175343,0.11770730214060623,0.0865719837125946
launch_300,12,shares_chg_8q,4301,529158,0.05045260140113106,0.7921413624738433,0.01245691545387484,0.8932832915688698,0.31681045072948305,0.2047999905337805
launch_300,12,rev_growth_streak,4301,529158,2.0,0.8163217856312486,3.0,0.9169359624157624,3.8974651096553687,4.609881616804478
launch_300,12,quarters_since_loss,4301,529158,0.0,0.9746570564984888,6.0,0.9883248481549934,3.031965648854962,6.353311790125818
launch_300,12,ev11_t12,4301,529158,1.0,0.9827946989072309,1.0,0.9657625888675972,1.8937780932103145,1.7632499153688257
launch_300,12,ev12_t12,4301,529158,0.0,0.9827946989072309,0.0,0.9657625888675972,0.19162526614620298,0.1672546821096546
launch_300,12,ev21_t12,4301,529158,0.0,0.9827946989072309,0.0,0.9657625888675972,0.19659332860184528,0.22339303500110558
launch_300,12,ev22_t12,4301,529158,4.0,0.9827946989072309,4.0,0.9657625888675972,3.855689614383724,3.9552482090478063
launch_300,12,ev23_t12,4301,529158,0.0,0.9827946989072309,0.0,0.9657625888675972,0.6583865625739295,0.6362248821523127
launch_300,12,ev32_t12,4301,529158,0.0,0.9827946989072309,0.0,0.9657625888675972,0.28649160160870596,0.17699558352460956
launch_300,12,ev52_t12,4301,529158,2.0,0.9827946989072309,2.0,0.9657625888675972,2.383250532292406,2.3119475736780415
launch_300,12,ev53_t12,4301,529158,0.0,0.9827946989072309,0.0,0.9657625888675972,0.3714218121599243,0.3672484203811436
launch_300,12,ev71_t12,4301,529158,1.0,0.9827946989072309,1.0,0.9657625888675972,2.3782824698367637,2.6540825491496767
launch_300,12,ev81_t12,4301,529158,2.0,0.9827946989072309,2.0,0.9657625888675972,2.7764371894960966,2.98013466629879
launch_300,12,ev_total_t12,4301,529158,14.0,0.9827946989072309,14.0,0.9657625888675972,14.991956470309912,15.235779516711967
launch_300,12,insider_net_buys_12m,4301,529158,1.0,0.8116717042548245,0.0,0.7879952679539949,4.85133199656259,6.146462369356363
launch_300,12,officer_buys_12m,4301,529158,0.0,0.8116717042548245,0.0,0.7879952679539949,1.542537954740762,1.898449303793522
launch_300,12,inst_pct,4301,529158,0.7354576821893902,0.6054405952104162,0.8130852447009049,0.5145797663457795,0.6874135931604428,0.7666555538973235
launch_300,12,inst_pct_delta_4q,4301,529158,0.01871684191020684,0.4905835852127412,0.008015212587508702,0.417398962124734,0.03206105208286602,0.020717014459552128
launch_300,12,spy_drawdown,4301,529158,-0.05274170952336199,1.0,-0.033247511316423006,1.0,-0.0779534278252946,-0.07629192299892132
launch_300,12,months_since_trough,4301,529158,2.0,1.0,3.0,1.0,5.124854684956987,9.714412330532658
win_100,0,years_since_first_price,20367,558318,11.019849418206707,1.0,16.432580424366872,1.0,13.574403333330363,16.490225291642414
win_100,0,drawdown_from_3y_high,20367,558318,-0.4501605780810919,0.8449452545784848,-0.19596807813709727,0.9051239616132741,-0.4430321013959049,-0.255220030315097
win_100,0,months_since_3y_low,20367,558318,14.0,0.8449452545784848,26.0,0.9051239616132741,15.797257249113835,22.542832944491607
win_100,0,realized_vol_12m,20367,558318,0.5985827613765737,0.9859085776010212,0.37186403479888275,0.9915746939915961,0.6516026844083088,0.4273142469881524
win_100,0,avg_dollar_volume_20d,20367,558318,12.148252072500002,1.0,16.683253847675,1.0,88.74319195481222,87.87324920697854
win_100,0,price,20367,558318,16.85,1.0,30.53,1.0,33.11437943732503,53.939904189011855
win_100,0,marketcap_musd,20367,558318,979.5,1.0,1913.6,1.0,5347.469637158122,11390.61591386971
win_100,0,rev_growth_yoy,20367,558318,0.06681996483159747,0.9273334315313988,0.07192134120252047,0.9623082186137649,2.4324475340003477,2.532039776073878
win_100,0,gross_margin,20367,558318,0.44,0.9498207885304659,0.443,0.9783958246017502,0.5024847764280144,0.46707874879178346
win_100,0,op_margin,20367,558318,0.0361831046181118,0.9469239455982718,0.10299925971567762,0.9764883095296946,-6.867414522043641,-5.0773076597515
win_100,0,cash_to_mcap,20367,558318,0.10470978118894178,1.0,0.07252942403122052,0.9999785068724275,0.21295559898203825,0.14427156547146383
win_100,0,net_debt_to_mcap,20367,558318,0.08064702424179548,1.0,0.1148615613214736,0.9999785068724275,0.7149028818160401,0.39105126214878705
win_100,0,capex_to_rev,20367,558318,0.03374750728639362,0.9461874601070359,0.0313588850174216,0.9756805261517629,0.27568288004039754,0.47168311677569613
win_100,0,rnd_to_rev,20367,558318,0.0,0.9469239455982718,0.0,0.9764883095296946,4.903299543096826,3.431013534329357
win_100,0,shares_chg_4q,20367,558318,0.011559207995792908,0.992880640251387,0.005058215537073529,0.9939138627090655,0.103023318979659,0.125128783107625
win_100,0,shares_chg_8q,20367,558318,0.027093911838774742,0.91584425786812,0.011042211646073885,0.9446337033733464,0.35431102705920153,0.2928859005432029
win_100,0,rev_growth_streak,20367,558318,2.0,0.9273334315313988,3.0,0.9623082186137649,3.7631704346905277,4.4822046106828175
win_100,0,quarters_since_loss,20367,558318,1.0,0.9996563067707566,7.0,0.9998173084156341,3.670579567779961,6.428321653266836
win_100,0,ev11_t12,20367,558318,1.0,1.0,1.0,1.0,1.762802572789316,1.7289304661501153
win_100,0,ev12_t12,20367,558318,0.0,1.0,0.0,1.0,0.17611823047085973,0.16398719009596682
win_100,0,ev21_t12,20367,558318,0.0,1.0,0.0,1.0,0.20287720331909462,0.2200555955566541
win_100,0,ev22_t12,20367,558318,4.0,1.0,4.0,1.0,4.147837187607404,4.0925511984209715
win_100,0,ev23_t12,20367,558318,0.0,1.0,0.0,1.0,0.6825747532773604,0.6429937777395678
win_100,0,ev32_t12,20367,558318,0.0,1.0,0.0,1.0,0.24338390533706486,0.1737289501681837
win_100,0,ev52_t12,20367,558318,2.0,1.0,2.0,1.0,2.5089605734767026,2.382491698279475
win_100,0,ev53_t12,20367,558318,0.0,1.0,0.0,1.0,0.34344773407963863,0.3689008772778237
win_100,0,ev71_t12,20367,558318,1.0,1.0,1.0,1.0,2.6846369126528207,2.7725292754308475
win_100,0,ev81_t12,20367,558318,2.0,1.0,2.0,1.0,2.92207983502725,3.0182333365573024
win_100,0,ev_total_t12,20367,558318,14.0,1.0,14.0,1.0,15.674718908037512,15.564402365676909
win_100,0,insider_net_buys_12m,20367,558318,1.0,0.9279226199243875,0.0,0.8426309021023861,7.422667866024657,5.630027037597565
win_100,0,officer_buys_12m,20367,558318,0.0,0.9279226199243875,0.0,0.8426309021023861,2.4085930472511774,1.715756627612359
win_100,0,inst_pct,20367,558318,0.8048241707678615,0.6424117444886336,0.8242394685995001,0.6000021493127572,0.7457879765437377,0.7771465713104824
win_100,0,inst_pct_delta_4q,20367,558318,0.012881085677501625,0.5890901949231601,0.009267125590458503,0.5334074846234583,0.02569701379126155,0.018452840443065194
win_100,0,spy_drawdown,20367,558318,-0.037396487976590675,1.0,-0.019617405844414293,1.0,-0.09893220488556563,-0.0655562506658882
win_100,0,months_since_trough,20367,558318,2.0,1.0,3.0,1.0,6.045858496587617,8.005928521022069
win_100,6,years_since_first_price,20367,558318,10.518822724161533,1.0,15.931553730321697,1.0,13.074445996726768,15.99029404096398
win_100,6,drawdown_from_3y_high,20367,558318,-0.38093816031798694,0.8013944125300732,-0.19430230394044412,0.8628201132687823,-0.39813345390053445,-0.25589495823540015
win_100,6,months_since_3y_low,20367,558318,20.0,0.8013944125300732,26.0,0.8628201132687823,18.705244455336356,22.574238989637305
win_100,6,realized_vol_12m,20367,558318,0.5244219909987888,0.9535032159866451,0.3665929255529129,0.9698952926468428,0.5816154940870945,0.4239963318899366
win_100,6,avg_dollar_volume_20d,20367,558318,11.51753848975,0.9985761280502774,15.373030679,0.9989145970575908,79.9609049506363,82.77887638972655
win_100,6,price,20367,558318,19.26,0.9988707222467718,29.98,0.9991438570850304,35.05930038340532,52.089289765883926
win_100,6,marketcap_musd,20367,558318,1053.15,0.9988707222467718,1842.8,0.9991438570850304,5390.887426268194,10877.087266061917
win_100,6,rev_growth_yoy,20367,558318,0.07983738430931586,0.8959100505720037,0.07395895096539662,0.9402097012813486,1.2921368044625705,3.3887529375413967
win_100,6,gross_margin,20367,558318,0.438,0.9473658368930132,0.442,0.9759008307093807,0.49132853070743504,0.4581244367850358
win_100,6,op_margin,20367,558318,0.04562599644843096,0.944468993960819,0.10336996852613914,0.9741975003492633,-7.796036799963578,-4.7733735341294645
win_100,6,cash_to_mcap,20367,558318,0.09404343329886246,0.9988216232140227,0.07246762211557425,0.9991062441117786,0.1957548376192335,0.1495304292320191
win_100,6,net_debt_to_mcap,20367,558318,0.07010607381575124,0.9988216232140227,0.1117887773978362,0.9991062441117786,0.7285864381919401,0.4185661684594521
win_100,6,capex_to_rev,20367,558318,0.033871047202216994,0.9433888152403398,0.03133448464593082,0.9731174706887473,-0.17404574173895002,0.44950629171368234
win_100,6,rnd_to_rev,20367,558318,0.0,0.944468993960819,0.0,0.9741975003492633,4.920348739401374,3.1783976006971413
win_100,6,shares_chg_4q,20367,558318,0.010641864161633041,0.9568910492463298,0.005118084825329605,0.9707227780583825,0.11608214357080575,0.10001463937492143
win_100,6,shares_chg_8q,20367,558318,0.026489194895948698,0.8752393577846517,0.01141684446316571,0.9200670585580261,0.6173075626487072,0.2592666522771119
win_100,6,rev_growth_streak,20367,558318,2.0,0.8959100505720037,3.0,0.9402097012813486,4.085822326957856,4.537254065257479
win_100,6,quarters_since_loss,20367,558318,1.0,0.9999509009672509,6.0,0.9996596921467694,3.989786899734852,6.367877977811541
win_100,6,ev11_t12,20367,558318,1.0,0.9986252270830265,1.0,0.995502563055463,1.749348542209548,1.761469358968131
win_100,6,ev12_t12,20367,558318,0.0,0.9986252270830265,0.0,0.995502563055463,0.1754265204778996,0.166167392638092
win_100,6,ev21_t12,20367,558318,0.0,0.9986252270830265,0.0,0.995502563055463,0.20885982595014504,0.21988208136997195
win_100,6,ev22_t12,20367,558318,4.0,0.9986252270830265,4.0,0.995502563055463,4.052952455872953,4.049313880537668
win_100,6,ev23_t12,20367,558318,0.0,0.9986252270830265,0.0,0.995502563055463,0.6286444761296033,0.6412801566011224
win_100,6,ev32_t12,20367,558318,0.0,0.9986252270830265,0.0,0.995502563055463,0.23890063424947147,0.17734213494972176
win_100,6,ev52_t12,20367,558318,2.0,0.9986252270830265,2.0,0.995502563055463,2.4733271055607453,2.3457836982981504
win_100,6,ev53_t12,20367,558318,0.0,0.9986252270830265,0.0,0.995502563055463,0.34893554255371456,0.36870532397037104
win_100,6,ev71_t12,20367,558318,1.0,0.9986252270830265,1.0,0.995502563055463,2.5801170165691527,2.7300519784745423
win_100,6,ev81_t12,20367,558318,2.0,0.9986252270830265,2.0,0.995502563055463,2.7794385171345692,2.9814989735645647
win_100,6,ev_total_t12,20367,558318,14.0,0.9986252270830265,14.0,0.995502563055463,15.235950636707802,15.441494979372337
win_100,6,insider_net_buys_12m,20367,558318,1.0,0.8466146216919527,0.0,0.822138996056011,9.685379574320013,5.877668485779332
win_100,6,officer_buys_12m,20367,558318,0.0,0.8466146216919527,0.0,0.822138996056011,2.2261787391985153,1.807221986209601
win_100,6,inst_pct,20367,558318,0.7978277912035653,0.6275347375656699,0.8171605424109889,0.5732700718945117,0.7348027525125235,0.7690494229588876
win_100,6,inst_pct_delta_4q,20367,558318,0.01568904795482573,0.5314970295085187,0.008819646223485467,0.4815929273281535,0.030133999874821456,0.020668261532476372
win_100,6,spy_drawdown,20367,558318,-0.028493090789845188,1.0,-0.02409332479752868,1.0,-0.0763833280143943,-0.0686665999119091
win_100,6,months_since_trough,20367,558318,2.0,1.0,3.0,1.0,6.399911621741052,9.026850289619894
win_100,12,years_since_first_price,20367,558318,10.020533880903491,1.0,15.433264887063656,1.0,12.573927432301677,15.490223563071407
win_100,12,drawdown_from_3y_high,20367,558318,-0.348202050739354,0.7481710610300977,-0.19364939360529232,0.8183562056032584,-0.37992119885679754,-0.25671871704780513
win_100,12,months_since_3y_low,20367,558318,24.0,0.7481710610300977,26.0,0.8183562056032584,20.417836986481166,22.614093144496753
win_100,12,realized_vol_12m,20367,558318,0.48310176734269167,0.9133893062306673,0.3643327735488967,0.946473156874756,0.5440578850875923,0.4230571189408571
win_100,12,avg_dollar_volume_20d,20367,558318,10.8962756,0.981244169489861,14.527136786802501,0.9887698408433904,76.65927474550311,79.54885938096777
win_100,12,price,20367,558318,20.51,0.9860067756665194,29.54,0.9916373822803491,35.82878647545067,50.364645320411796
win_100,12,marketcap_musd,20367,558318,1078.15,0.9858103795355232,1782.1,0.9914117044408384,5570.410100607607,10428.507287863358
win_100,12,rev_growth_yoy,20367,558318,0.09241099151435272,0.8569745176020033,0.07596835032543336,0.9181362592644335,0.943674322522608,3.3090174820511065
win_100,12,gross_margin,20367,558318,0.432,0.9286591054156234,0.439,0.9648408254793863,0.4892546790737018,0.4619201467268645
win_100,12,op_margin,20367,558318,0.04928800129567568,0.9267442431384102,0.1033526696187028,0.9631643615287345,-6.276109322394403,-4.749025799042135
win_100,12,cash_to_mcap,20367,558318,0.09085613356883394,0.9850738940442874,0.07219750341201932,0.9909657220437098,0.19083813844556882,0.15199595384263093
win_100,12,net_debt_to_mcap,20367,558318,0.058245710742093296,0.9850738940442874,0.10970126602011715,0.9909657220437098,0.6215187148372072,0.42802683715892015
win_100,12,capex_to_rev,20367,558318,0.034681118520183477,0.9235037069769726,0.03138254163621718,0.9603057755615975,0.24689525169502163,1.3400758393413144
win_100,12,rnd_to_rev,20367,558318,0.0,0.9267442431384102,0.0,0.9631643615287345,4.520509991198906,3.098167469953748
win_100,12,shares_chg_4q,20367,558318,0.010919954917477881,0.917611823047086,0.00524490846562875,0.946598533452262,0.1801528398264749,0.08685696903275672
win_100,12,shares_chg_8q,20367,558318,0.027843008219740617,0.8399862522708302,0.011928351560250183,0.8969297067262743,0.6369607806437311,0.20336964783328595
win_100,12,rev_growth_streak,20367,558318,3.0,0.8569745176020033,3.0,0.9181362592644335,4.271456399679157,4.5865410876062205
win_100,12,quarters_since_loss,20367,558318,1.0,0.9813423675553592,6.0,0.9886659573934568,4.088857757542403,6.337402851500933
win_100,12,ev11_t12,20367,558318,1.0,0.9823243482103402,1.0,0.9675507506474804,1.723146898585495,1.732456992860065
win_100,12,ev12_t12,20367,558318,0.0,0.9823243482103402,0.0,0.9675507506474804,0.17119008347078524,0.1646886992064065
win_100,12,ev21_t12,20367,558318,0.0,0.9823243482103402,0.0,0.9675507506474804,0.21347528365072224,0.21747090434856656
win_100,12,ev22_t12,20367,558318,4.0,0.9823243482103402,4.0,0.9675507506474804,3.915429599640126,3.9631377950059328
win_100,12,ev23_t12,20367,558318,0.0,0.9823243482103402,0.0,0.9675507506474804,0.6143349827560354,0.6333790570546889
win_100,12,ev32_t12,20367,558318,0.0,0.9823243482103402,0.0,0.9675507506474804,0.24391462987954216,0.17624365745342938
win_100,12,ev52_t12,20367,558318,2.0,0.9823243482103402,2.0,0.9675507506474804,2.4164542410156447,2.3069931377394712
win_100,12,ev53_t12,20367,558318,0.0,0.9823243482103402,0.0,0.9675507506474804,0.348478032688559,0.3697901336724664
win_100,12,ev71_t12,20367,558318,1.0,0.9823243482103402,1.0,0.9675507506474804,2.531963812665567,2.671711085318243
win_100,12,ev81_t12,20367,558318,2.0,0.9823243482103402,2.0,0.9675507506474804,2.7684810316389266,2.9467309390393575
win_100,12,ev_total_t12,20367,558318,14.0,0.9823243482103402,14.0,0.9675507506474804,14.946868595991402,15.182602401698627
win_100,12,insider_net_buys_12m,20367,558318,1.0,0.8257966318063534,0.0,0.7990679147009411,10.008205006242939,5.988169473745557
win_100,12,officer_buys_12m,20367,558318,0.0,0.8257966318063534,0.0,0.7990679147009411,2.135679885843391,1.8531001896291248
win_100,12,inst_pct,20367,558318,0.7962288296581165,0.5949820788530465,0.813364392315585,0.5375019254260117,0.7290810195481146,0.7650683796215557
win_100,12,inst_pct_delta_4q,20367,558318,0.016508469034996143,0.49869887563215004,0.008235465333360503,0.4411751009281449,0.033168887458215,0.020291827132089265
win_100,12,spy_drawdown,20367,558318,-0.03569963386975672,1.0,-0.03136052079747109,1.0,-0.07392163112805136,-0.07345427363788652
win_100,12,months_since_trough,20367,558318,2.0,1.0,3.0,1.0,7.010949084303039,9.770143538270304
