label,drawdown_bucket,sector,rows,winners,b_rows,b_winners,winner_rate,bucket_rate,winner_share,population_share,ratio,sufficient
launch_300,0-10,Basic Materials,23086,186,402582.0,2840.0,0.008056830979814607,0.007054463438504454,0.06549295774647887,0.05734483906384289,1.1420898343365224,True
launch_300,0-10,Communication Services,16999,132,402582.0,2840.0,0.0077651626566268605,0.007054463438504454,0.04647887323943662,0.042224938025048314,1.100744617123294,True
launch_300,0-10,Consumer Cyclical,52241,313,402582.0,2840.0,0.005991462644283226,0.007054463438504454,0.11021126760563381,0.12976486777848986,0.8493151458664893,True
launch_300,0-10,Consumer Defensive,20139,80,402582.0,2840.0,0.003972391876458613,0.007054463438504454,0.028169014084507043,0.050024591263394785,0.5631033332424159,False
launch_300,0-10,Energy,28378,196,402582.0,2840.0,0.006906758756783424,0.007054463438504454,0.06901408450704226,0.07048998713305613,0.9790622372617551,True
launch_300,0-10,Financial Services,63561,114,402582.0,2840.0,0.0017935526502100344,0.007054463438504454,0.04014084507042254,0.15788336289252872,0.2542436665587522,True
launch_300,0-10,Healthcare,62710,902,402582.0,2840.0,0.014383670865890607,0.007054463438504454,0.3176056338028169,0.15576950782697688,2.038946121314075,True
launch_300,0-10,Industrials,58069,305,402582.0,2840.0,0.0052523721779262605,0.007054463438504454,0.1073943661971831,0.14424142162342082,0.7445459493429258,True
launch_300,0-10,Real Estate,2543,14,402582.0,2840.0,0.005505308690523005,0.007054463438504454,0.004929577464788733,0.006316725536660854,0.7804007687493424,False
launch_300,0-10,Technology,62173,574,402582.0,2840.0,0.009232303411448699,0.007054463438504454,0.20211267605633804,0.15443561808525966,1.3087180183055775,True
launch_300,0-10,Unknown,49,0,402582.0,2840.0,0.0,0.007054463438504454,0.0,0.00012171433397419656,0.0,False
launch_300,0-10,Utilities,12634,24,402582.0,2840.0,0.0018996359031185689,0.007054463438504454,0.008450704225352112,0.03138242643734693,0.26928141589763366,False
launch_300,10-20,Basic Materials,4359,19,73674.0,636.0,0.0043587978894241795,0.008632624806580341,0.029874213836477988,0.05916605586774167,0.5049215026815048,False
launch_300,10-20,Communication Services,3024,20,73674.0,636.0,0.006613756613756613,0.008632624806580341,0.031446540880503145,0.04104568775958954,0.7661350703803534,False
launch_300,10-20,Consumer Cyclical,9202,88,73674.0,636.0,0.009563138448163443,0.008632624806580341,0.13836477987421383,0.12490159350652877,1.1077903491037633,False
launch_300,10-20,Consumer Defensive,3849,26,73674.0,636.0,0.006755001299038711,0.008632624806580341,0.040880503144654086,0.05224366805114423,0.7824968014235504,False
launch_300,10-20,Energy,5198,31,73674.0,636.0,0.00596383224317045,0.008632624806580341,0.04874213836477988,0.07055406249151668,0.6908480765461318,False
launch_300,10-20,Financial Services,11350,32,73674.0,636.0,0.0028193832599118945,0.008632624806580341,0.050314465408805034,0.15405706219290388,0.32659629290998254,False
launch_300,10-20,Healthcare,11197,185,73674.0,636.0,0.01652228275430919,0.008632624806580341,0.2908805031446541,0.15198034584792464,1.9139349994354957,True
launch_300,10-20,Industrials,10886,112,73674.0,636.0,0.01028844387286423,0.008632624806580341,0.1761006289308176,0.14775904661074463,1.1918094558009422,True
launch_300,10-20,Real Estate,414,6,73674.0,636.0,0.014492753623188406,0.008632624806580341,0.009433962264150943,0.005619350109943806,1.6788351107465136,False
launch_300,10-20,Technology,11770,104,73674.0,636.0,0.008836023789294817,0.008632624806580341,0.16352201257861634,0.15975785215951352,1.0235616614033118,True
launch_300,10-20,Unknown,9,0,73674.0,636.0,0.0,0.008632624806580341,0.0,0.0001221597849987784,0.0,False
launch_300,10-20,Utilities,2416,13,73674.0,636.0,0.005380794701986755,0.008632624806580341,0.020440251572327043,0.032793115617449846,0.6233092277895789,False
launch_300,20-30,Basic Materials,1908,5,30925.0,171.0,0.002620545073375262,0.0055295068714632176,0.029239766081871343,0.06169765561843169,0.4739202128311694,False
launch_300,20-30,Communication Services,1329,5,30925.0,171.0,0.003762227238525207,0.0055295068714632176,0.029239766081871343,0.042974939369442196,0.6803910956221756,False
launch_300,20-30,Consumer Cyclical,3836,28,30925.0,171.0,0.0072992700729927005,0.0055295068714632176,0.16374269005847952,0.12404203718674212,1.3200580526742647,False
launch_300,20-30,Consumer Defensive,1799,1,30925.0,171.0,0.0005558643690939411,0.0055295068714632176,0.005847953216374269,0.058172999191592564,0.10052693341655045,False
launch_300,20-30,Energy,2615,14,30925.0,171.0,0.005353728489483747,0.0055295068714632176,0.08187134502923976,0.08455941794664511,0.9682108393993268,False
launch_300,20-30,Financial Services,4237,2,30925.0,171.0,0.0004720320981826764,0.0055295068714632176,0.011695906432748537,0.13700889248181083,0.08536603880876764,False
launch_300,20-30,Healthcare,4065,62,30925.0,171.0,0.015252152521525215,0.0055295068714632176,0.36257309941520466,0.13144704931285367,2.758320565661797,False
launch_300,20-30,Industrials,4827,23,30925.0,171.0,0.004764864304951316,0.0055295068714632176,0.13450292397660818,0.15608730800323364,0.8617159569042071,False
launch_300,20-30,Real Estate,119,1,30925.0,171.0,0.008403361344537815,0.0055295068714632176,0.005847953216374269,0.003848019401778496,1.5197306992972628,False
launch_300,20-30,Technology,5022,29,30925.0,171.0,0.0057745917960971725,0.0055295068714632176,0.1695906432748538,0.16239288601455135,1.04432310698424,False
launch_300,20-30,Unknown,4,0,30925.0,171.0,0.0,0.0055295068714632176,0.0,0.00012934518997574778,0.0,False
launch_300,20-30,Utilities,1164,1,30925.0,171.0,0.000859106529209622,0.0055295068714632176,0.005847953216374269,0.037639450282942605,0.15536765740238337,False
launch_300,>30,Basic Materials,1269,78,21977.0,654.0,0.061465721040189124,0.029758383764845065,0.11926605504587157,0.05774218501160304,2.0654925860859885,False
launch_300,>30,Communication Services,888,23,21977.0,654.0,0.0259009009009009,0.029758383764845065,0.035168195718654434,0.040405878873367614,0.8703732402126897,False
launch_300,>30,Consumer Cyclical,2594,161,21977.0,654.0,0.062066306861989204,0.029758383764845065,0.24617737003058104,0.11803248851071575,2.085674657348527,True
launch_300,>30,Consumer Defensive,1283,22,21977.0,654.0,0.0171473109898675,0.029758383764845065,0.03363914373088685,0.058379214633480454,0.5762178189974281,False
launch_300,>30,Energy,1913,100,21977.0,654.0,0.052273915316257184,0.029758383764845065,0.1529051987767584,0.08704554761796424,1.7566113714149605,True
launch_300,>30,Financial Services,3161,22,21977.0,654.0,0.006959822840873141,0.029758383764845065,0.03363914373088685,0.14383218819675114,0.23387771647380584,False
launch_300,>30,Healthcare,2901,33,21977.0,654.0,0.011375387797311272,0.029758383764845065,0.05045871559633028,0.13200163807617055,0.38225825324389884,False
launch_300,>30,Industrials,3563,100,21977.0,654.0,0.028066236317709794,0.029758383764845065,0.1529051987767584,0.1621240387678027,0.943137118584569,True
launch_300,>30,Real Estate,67,3,21977.0,654.0,0.04477611940298507,0.029758383764845065,0.0045871559633027525,0.003048641761841926,1.5046556209776805,False
launch_300,>30,Technology,3417,112,21977.0,654.0,0.03277729002048581,0.029758383764845065,0.1712538226299694,0.1554807298539382,1.1014472519575176,True
launch_300,>30,Utilities,921,0,21977.0,654.0,0.0,0.029758383764845065,0.0,0.04190744869636438,0.0,False
win_100,0-10,Basic Materials,24765,962,431742.0,14535.0,0.03884514435695538,0.03366593938046333,0.06618507051943584,0.05736064594132607,1.1538410949405318,True
win_100,0-10,Communication Services,17992,608,431742.0,14535.0,0.03379279679857715,0.03366593938046333,0.04183006535947712,0.04167303621144109,1.003768123523309,True
win_100,0-10,Consumer Cyclical,55773,1842,431742.0,14535.0,0.03302673336560701,0.03366593938046333,0.12672858617131064,0.12918131661964785,0.9810132725651121,True
win_100,0-10,Consumer Defensive,21562,470,431742.0,14535.0,0.02179760690102959,0.03366593938046333,0.03233574131406949,0.04994186342769524,0.6474676572868467,True
win_100,0-10,Energy,29850,1010,431742.0,14535.0,0.0338358458961474,0.03366593938046333,0.0694874441004472,0.0691385132787637,1.0050468372132422,True
win_100,0-10,Financial Services,68755,1175,431742.0,14535.0,0.017089666206094103,0.03366593938046333,0.08083935328517372,0.15925020035113563,0.5076248137015122,True
win_100,0-10,Healthcare,67714,3857,431742.0,14535.0,0.056960155950025106,0.03366593938046333,0.265359477124183,0.15683903812925312,1.6919223701531296,True
win_100,0-10,Industrials,62330,1888,431742.0,14535.0,0.030290389860420344,0.03366593938046333,0.12989336085311318,0.14436862755997795,0.8997339868673959,True
win_100,0-10,Real Estate,2756,60,431742.0,14535.0,0.02177068214804064,0.03366593938046333,0.0041279669762641896,0.0063834419630242134,0.646667894871645,False
win_100,0-10,Technology,66718,2584,431742.0,14535.0,0.038730177763122396,0.03366593938046333,0.17777777777777778,0.1545321048218612,1.1504261718476774,True
win_100,0-10,Unknown,56,0,431742.0,14535.0,0.0,0.03366593938046333,0.0,0.00012970709358830042,0.0,False
win_100,0-10,Utilities,13471,79,431742.0,14535.0,0.005864449558310445,0.03366593938046333,0.00543515651874785,0.031201504602285626,0.17419533410416704,False
win_100,10-20,Basic Materials,4359,149,73674.0,2473.0,0.034182151869694886,0.033566794255775446,0.060250707642539425,0.05916605586774167,1.0183323319239388,True
win_100,10-20,Communication Services,3024,83,73674.0,2473.0,0.027447089947089946,0.033566794255775446,0.03356247472705216,0.04104568775958954,0.8176857682013364,False
win_100,10-20,Consumer Cyclical,9202,420,73674.0,2473.0,0.04564225168441643,0.033566794255775446,0.16983420946219166,0.12490159350652877,1.3597441369177905,True
win_100,10-20,Consumer Defensive,3849,71,73674.0,2473.0,0.018446349701221096,0.033566794255775446,0.028710068742418115,0.05224366805114423,0.549541596396184,False
win_100,10-20,Energy,5198,152,73674.0,2473.0,0.029242016160061564,0.033566794255775446,0.061463809138697936,0.07055406249151668,0.8711590370304795,True
win_100,10-20,Financial Services,11350,209,73674.0,2473.0,0.01841409691629956,0.033566794255775446,0.08451273756570966,0.15405706219290388,0.5485807425036205,True
win_100,10-20,Healthcare,11197,589,73674.0,2473.0,0.05260337590426007,0.033566794255775446,0.2381722604124545,0.15198034584792464,1.5671254008776614,True
win_100,10-20,Industrials,10886,341,73674.0,2473.0,0.03132463714863127,0.033566794255775446,0.1378892033966842,0.14775904661074463,0.9332031206179784,True
win_100,10-20,Real Estate,414,17,73674.0,2473.0,0.04106280193236715,0.033566794255775446,0.006874241811564901,0.005619350109943806,1.2233161623797888,False
win_100,10-20,Technology,11770,425,73674.0,2473.0,0.03610875106202209,0.033566794255775446,0.17185604528912252,0.15975785215951352,1.075728316111369,True
win_100,10-20,Unknown,9,0,73674.0,2473.0,0.0,0.033566794255775446,0.0,0.0001221597849987784,0.0,False
win_100,10-20,Utilities,2416,17,73674.0,2473.0,0.007036423841059603,0.033566794255775446,0.006874241811564901,0.032793115617449846,0.20962454107004658,False
win_100,20-30,Basic Materials,1908,107,30925.0,1197.0,0.05607966457023061,0.03870654810024252,0.08939014202172096,0.06169765561843169,1.4488417935124323,True
win_100,20-30,Communication Services,1329,55,30925.0,1197.0,0.04138449962377728,0.03870654810024252,0.04594820384294068,0.042974939369442196,1.069186007406276,False
win_100,20-30,Consumer Cyclical,3836,224,30925.0,1197.0,0.058394160583941604,0.03870654810024252,0.1871345029239766,0.12404203718674212,1.508637774484874,True
win_100,20-30,Consumer Defensive,1799,35,30925.0,1197.0,0.019455252918287938,0.03870654810024252,0.029239766081871343,0.058172999191592564,0.5026346670827523,False
win_100,20-30,Energy,2615,186,30925.0,1197.0,0.07112810707456979,0.03870654810024252,0.15538847117794485,0.08455941794664511,1.8376246543701509,True
win_100,20-30,Financial Services,4237,17,30925.0,1197.0,0.00401227283455275,0.03870654810024252,0.014202172096908938,0.13700889248181083,0.10365876141064642,False
win_100,20-30,Healthcare,4065,152,30925.0,1197.0,0.03739237392373924,0.03870654810024252,0.12698412698412698,0.13144704931285367,0.9660477557156524,True
win_100,20-30,Industrials,4827,146,30925.0,1197.0,0.030246529935777915,0.03870654810024252,0.12197159565580618,0.15608730800323364,0.7814318615404611,True
win_100,20-30,Real Estate,119,3,30925.0,1197.0,0.025210084033613446,0.03870654810024252,0.002506265664160401,0.003848019401778496,0.651313156841684,False
win_100,20-30,Technology,5022,271,30925.0,1197.0,0.05396256471525289,0.03870654810024252,0.22639933166248954,0.16239288601455135,1.394145625579946,True
win_100,20-30,Unknown,4,0,30925.0,1197.0,0.0,0.03870654810024252,0.0,0.00012934518997574778,0.0,False
win_100,20-30,Utilities,1164,1,30925.0,1197.0,0.000859106529209622,0.03870654810024252,0.000835421888053467,0.037639450282942605,0.02219537962891191,False
win_100,>30,Basic Materials,1269,210,21977.0,2162.0,0.16548463356973994,0.09837557446421259,0.0971322849213691,0.05774218501160304,1.682171966680007,True
win_100,>30,Communication Services,888,91,21977.0,2162.0,0.10247747747747747,0.09837557446421259,0.04209065679925995,0.040405878873367614,1.041696356393396,False
win_100,>30,Consumer Cyclical,2594,436,21977.0,2162.0,0.16808018504240554,0.09837557446421259,0.20166512488436633,0.11803248851071575,1.7085560715434536,True
win_100,>30,Consumer Defensive,1283,86,21977.0,2162.0,0.06703039750584568,0.09837557446421259,0.039777983348751156,0.058379214633480454,0.6813723616956385,False
win_100,>30,Energy,1913,244,21977.0,2162.0,0.12754835337166753,0.09837557446421259,0.11285846438482887,0.08704554761796424,1.2965449408182874,True
win_100,>30,Financial Services,3161,185,21977.0,2162.0,0.0585257829800696,0.09837557446421259,0.08556891766882516,0.14383218819675114,0.5949218929477288,True
win_100,>30,Healthcare,2901,206,21977.0,2162.0,0.07100999655291279,0.09837557446421259,0.09528214616096208,0.13200163807617055,0.7218254829987809,True
win_100,>30,Industrials,3563,288,21977.0,2162.0,0.08083076059500421,0.09837557446421259,0.1332099907493062,0.1621240387678027,0.8216547759465345,True
win_100,>30,Real Estate,67,18,21977.0,2162.0,0.26865671641791045,0.09837557446421259,0.008325624421831638,0.003048641761841926,2.730929073411849,False
win_100,>30,Technology,3417,395,21977.0,2162.0,0.11559847819724905,0.09837557446421259,0.18270120259019426,0.1554807298539382,1.1750729673177347,True
win_100,>30,Utilities,921,3,21977.0,2162.0,0.003257328990228013,0.09837557446421259,0.0013876040703052729,0.04190744869636438,0.033111155975134615,False
