label,measure,k,winner_median,winner_mean,winner_n,winners,population_median,population_mean,population_months,winner_coverage
launch_300,price_return,-24,0.264935064935065,1.0947849108956382,3775,4301,-0.08766461671952563,0.18102855046731225,4301,0.8777028598000465
launch_300,price_return,-21,0.24035824373194825,1.0357019115040855,3889,4301,-0.0676296647365493,0.14649326383240982,4301,0.9042083236456638
launch_300,price_return,-18,0.2014585232452144,0.9305495571942382,4007,4301,-0.029198181988928096,0.16262438624289438,4301,0.931643803766566
launch_300,price_return,-15,0.1738335829611506,0.8209817499389019,4106,4301,-0.010696282504014831,0.1530465561373816,4301,0.9546617065798652
launch_300,price_return,-12,0.13343108504398837,0.6606245529170598,4199,4301,-0.003655196274807926,0.131558133592406,4301,0.9762845849802372
launch_300,price_return,-9,0.11509933774834424,0.5400029622609751,4261,4301,-0.014998245551412048,0.07257712019391153,4301,0.9906998372471518
launch_300,price_return,-6,0.053264146456442174,0.3479244645695714,4282,4301,-0.016252345048823724,0.040841133484582196,4301,0.9955824226923972
launch_300,price_return,-3,0.020094658999537662,0.14907165430394767,4292,4301,-0.015548935512686046,0.007878098372224729,4301,0.9979074633806092
launch_300,price_return,0,0.0,0.0,4301,4301,0.0,0.0,4301,1.0
launch_300,price_return,3,0.2448401934190354,0.34490982581931606,4301,4301,0.04905163036551807,0.05433811714442344,4301,1.0
launch_300,price_return,6,0.5685425685425685,0.7547573202016007,4295,4301,0.08379485901717065,0.09551891843653743,4301,0.9986049755870727
launch_300,price_return,9,0.9653561271886877,1.2224880632844823,4280,4301,0.11181847043293724,0.13273265621673,4301,0.9951174145547547
launch_300,price_return,12,1.403005700466402,1.7368980317560978,4243,4301,0.11918595619077199,0.16414239660054972,4301,0.9865147640083701
launch_300,price_return,15,1.8927157246270112,2.35246512866653,4196,4301,0.16483138334480385,0.2380033443498901,4301,0.9755870727737735
launch_300,price_return,18,2.518069634200088,3.078991469809996,4129,4301,0.19886868182084538,0.26444507771922593,4301,0.9600093001627529
launch_300,price_return,21,3.27945205479452,3.953552200569106,4061,4301,0.2371526744571698,0.3206396710775537,4301,0.944199023482911
launch_300,price_return,24,3.9918577826027963,4.9225208034975605,3977,4301,0.26017981862907946,0.39563283929086024,4301,0.9246686817019297
launch_300,rev_growth_yoy,-24,0.12281420492016237,0.8912013380752603,3129,4301,0.0975654069767442,0.5397614336017459,4301,0.7275052313415484
launch_300,rev_growth_yoy,-21,0.11854103343465039,0.8700639840921242,3212,4301,0.09723770422265665,0.569255782237007,4301,0.7468030690537084
launch_300,rev_growth_yoy,-18,0.128511171280691,0.8964496441385968,3309,4301,0.09902418911489819,0.5145713008625038,4301,0.7693559637293652
launch_300,rev_growth_yoy,-15,0.11787988973461694,0.948231756402334,3404,4301,0.0999259621779669,0.49238159721555785,4301,0.7914438502673797
launch_300,rev_growth_yoy,-12,0.10689773272141934,0.8426309736256822,3511,4301,0.0961697091590108,0.5050447760765707,4301,0.8163217856312486
launch_300,rev_growth_yoy,-9,0.1002243250908903,0.6874034383895445,3618,4301,0.08974727856903075,0.49718341389999215,4301,0.8411997209951174
launch_300,rev_growth_yoy,-6,0.10436527847466137,0.6619326439850322,3734,4301,0.08349420155699627,0.45457870585341387,4301,0.8681701929783772
launch_300,rev_growth_yoy,-3,0.10066969107798651,0.6914790169669429,3834,4301,0.0666241925140757,0.5010462604329463,4301,0.8914205998604976
launch_300,rev_growth_yoy,0,0.0662524015536391,0.6107888753684733,3940,4301,0.04707302353651177,0.5777748240835435,4301,0.9160660311555452
launch_300,rev_growth_yoy,3,0.05881750788383111,15.076534945115528,4021,4301,0.043481244057596014,0.39527222054819977,4301,0.9348988607300628
launch_300,rev_growth_yoy,6,0.0716822788065109,7.478389025171215,4028,4301,0.041766239409080974,0.3584376517076989,4301,0.9365263892118112
launch_300,rev_growth_yoy,9,0.11688859714928723,-2.653719141472835,4026,4301,0.040770292358060733,0.44132991579550224,4301,0.9360613810741688
launch_300,rev_growth_yoy,12,0.178379588182632,-0.48087893086924416,4031,4301,0.04345665926931863,0.450669717723488,4301,0.9372239014182748
launch_300,rev_growth_yoy,15,0.2362296472420362,3.825828339761953,4035,4301,0.050526546578241294,0.5373139040495188,4301,0.9381539176935596
launch_300,rev_growth_yoy,18,0.2860847231621624,3.531502426405438,4036,4301,0.06154400808025262,0.6146248996236071,4301,0.9383864217623809
launch_300,rev_growth_yoy,21,0.3032927218630994,3.049804352235663,4031,4301,0.06833943081830529,0.6427056877741147,4301,0.9372239014182748
launch_300,rev_growth_yoy,24,0.3199855410073098,3.0985222716192453,4019,4301,0.0743834157057961,0.5757857412338674,4301,0.9344338525924204
launch_300,shares_change,-24,-0.04563066518620784,-0.09875125637018853,3843,4301,-0.00715692730250439,-0.035898613308863396,4301,0.8935131364798884
launch_300,shares_change,-21,-0.03771218480586358,-0.08690434306184411,3941,4301,-0.005546832259884837,-0.03256578188427024,4301,0.9162985352243664
launch_300,shares_change,-18,-0.030320939850007056,-0.07640696132251944,4046,4301,-0.00465247916078354,-0.027143850926851544,4301,0.9407114624505929
launch_300,shares_change,-15,-0.02363240955266044,-0.06392023761667265,4148,4301,-0.003950245840789457,-0.022351488903644034,4301,0.9644268774703557
launch_300,shares_change,-12,-0.017277795316675726,-0.052275906997769434,4228,4301,-0.003393723589789066,-0.018176151455232967,4301,0.9830272029760521
launch_300,shares_change,-9,-0.011465347597264197,-0.038271439710609874,4290,4301,-0.002479987340528733,-0.013918530532568456,4301,0.9974424552429667
launch_300,shares_change,-6,-0.00604142615397818,-0.02561433652787267,4301,4301,-0.0014193496316854959,-0.009904566676282972,4301,1.0
launch_300,shares_change,-3,-0.0020363637579748906,-0.013187634972195062,4301,4301,-0.0005227850943338996,-0.005006644537228457,4301,1.0
launch_300,shares_change,0,0.0,0.0,4301,4301,0.0,0.0,4301,1.0
launch_300,shares_change,3,0.0021653314915228705,0.025344880153086436,4301,4301,0.000551589692635579,0.012546058513124982,4301,1.0
launch_300,shares_change,6,0.007507936798505366,0.056771471949169636,4301,4301,0.0017482583699232057,0.02248675832252119,4301,1.0
launch_300,shares_change,9,0.014890918222276506,0.07971701776615171,4301,4301,0.002817399159693812,0.03409969062066724,4301,1.0
launch_300,shares_change,12,0.025234828504830054,0.10412314204703285,4301,4301,0.0038816940950395784,0.045446835883580505,4301,1.0
launch_300,shares_change,15,0.03926214946767703,0.12806379317687328,4301,4301,0.0047169616465139175,0.0571957911101147,4301,1.0
launch_300,shares_change,18,0.052787299013174804,0.14920977978962105,4299,4301,0.005973999474308878,0.07644077224190783,4301,0.9995349918623576
launch_300,shares_change,21,0.0672705572520178,0.17093851019777181,4290,4301,0.007486716284470063,0.09268967331915946,4301,0.9974424552429667
launch_300,shares_change,24,0.0808695489455602,0.19241856833789836,4269,4301,0.008416107109988413,0.11630614855810312,4301,0.9925598697977215
launch_300,insider_net_buys_12m,-24,0.0,3.343270365997639,3388,4301,0.0,4.210835783284335,3388,0.7877237851662404
launch_300,insider_net_buys_12m,-21,0.0,3.577543242450894,3411,4301,0.0,4.373122529644268,3411,0.7930713787491281
launch_300,insider_net_buys_12m,-18,0.0,3.837641591635202,3443,4301,0.0,4.618659755646057,3443,0.8005115089514067
launch_300,insider_net_buys_12m,-15,1.0,4.330354569040069,3469,4301,0.0,4.652156057494866,3469,0.806556614740758
launch_300,insider_net_buys_12m,-12,1.0,4.85133199656259,3491,4301,0.0,4.743808049535604,3491,0.8116717042548245
launch_300,insider_net_buys_12m,-9,1.0,5.23992049971607,3522,4301,0.0,4.855707235607989,3522,0.8188793303882818
launch_300,insider_net_buys_12m,-6,1.0,5.912130422768721,3619,4301,0.0,5.07983870967742,3619,0.8414322250639387
launch_300,insider_net_buys_12m,-3,1.0,7.067325188458539,3847,4301,0.0,5.456573327005221,3847,0.8944431527551732
launch_300,insider_net_buys_12m,0,2.0,7.920731707317073,4100,4301,0.0,5.75440313111546,4100,0.9532666821669379
launch_300,insider_net_buys_12m,3,2.0,7.191682600382409,4184,4301,0.0,5.453617810760668,4184,0.9727970239479191
launch_300,insider_net_buys_12m,6,1.0,6.54554124940391,4194,4301,0.0,4.914847161572053,4194,0.9751220646361312
launch_300,insider_net_buys_12m,9,1.0,5.50939804901261,4203,4301,0.0,4.599913681484678,4203,0.977214601255522
launch_300,insider_net_buys_12m,12,0.0,4.7504155782474475,4211,4301,0.0,4.340720221606648,4211,0.9790746338060916
launch_300,insider_net_buys_12m,15,0.0,4.417754569190601,4213,4301,0.0,4.16297895304911,4213,0.979539641943734
launch_300,insider_net_buys_12m,18,0.0,3.9758007117437724,4215,4301,0.0,3.6179819395367097,4215,0.9800046500813764
launch_300,insider_net_buys_12m,21,0.0,3.635349940688019,4215,4301,0.0,3.409801436417406,4215,0.9800046500813764
launch_300,insider_net_buys_12m,24,0.0,3.318623962040332,4215,4301,0.0,3.3186026936026938,4215,0.9800046500813764
launch_300,ev_total_t12,-24,13.0,13.843616516373991,4214,4301,13.0,14.427765726681129,4214,0.9797721460125552
launch_300,ev_total_t12,-21,13.0,14.28896797153025,4215,4301,13.0,14.604949182501105,4215,0.9800046500813764
launch_300,ev_total_t12,-18,13.0,14.663345195729537,4215,4301,13.0,14.74750974447813,4215,0.9800046500813764
launch_300,ev_total_t12,-15,14.0,14.835626185958255,4216,4301,14.0,14.922337870296237,4216,0.9802371541501976
launch_300,ev_total_t12,-12,14.0,14.991956470309912,4227,4301,14.0,15.047538200339558,4227,0.9827946989072309
launch_300,ev_total_t12,-9,14.0,15.197797047105695,4267,4301,14.0,15.182237600922722,4267,0.9920948616600791
launch_300,ev_total_t12,-6,14.0,15.354297693920335,4293,4301,14.0,15.231447124304268,4293,0.9981399674494303
launch_300,ev_total_t12,-3,14.0,15.520111601953035,4301,4301,14.0,15.150390625,4301,1.0
launch_300,ev_total_t12,0,14.0,15.647523831667055,4301,4301,14.0,15.070278759324696,4301,1.0
launch_300,ev_total_t12,3,14.0,15.883050453382934,4301,4301,14.0,15.051791109192921,4301,1.0
launch_300,ev_total_t12,6,15.0,16.105091839107185,4301,4301,14.0,15.026835443037974,4301,1.0
launch_300,ev_total_t12,9,15.0,16.27458730527784,4301,4301,14.0,14.974661424202708,4301,1.0
launch_300,ev_total_t12,12,15.0,16.37247151825157,4301,4301,14.0,14.964648516863063,4301,1.0
launch_300,ev_total_t12,15,15.0,16.421994884910486,4301,4301,13.0,14.875862068965517,4301,1.0
launch_300,ev_total_t12,18,15.0,16.463845617298304,4301,4301,13.0,14.71074026529739,4301,1.0
launch_300,ev_total_t12,21,15.0,16.483143455010463,4301,4301,13.0,14.563288563288562,4301,1.0
launch_300,ev_total_t12,24,15.0,16.45756800744013,4301,4301,13.0,14.39227215455691,4301,1.0
win_100,price_return,-24,0.11945198498642695,0.687638811382911,18606,20367,-0.0809464508094645,0.2216518120113239,20367,0.9135366033289144
win_100,price_return,-21,0.10805908266390252,0.6321314420027586,19037,20367,-0.0704387429293829,0.1702926719822545,20367,0.9346982864437571
win_100,price_return,-18,0.07343926607547058,0.5321072045087715,19422,20367,-0.04176091712690655,0.14937950433932487,20367,0.9536014140521432
win_100,price_return,-15,0.04608294930875578,0.44285112098650087,19769,20367,-0.046877598536504306,0.14819262012092527,20367,0.9706387784160652
win_100,price_return,-12,0.04398946218623523,0.35129931857978675,20082,20367,-0.041465721040189085,0.10264792701730807,20367,0.9860067756665194
win_100,price_return,-9,0.044845988834865125,0.293626826057889,20292,20367,-0.028613768018321606,0.06918802302964788,20367,0.9963175725438209
win_100,price_return,-6,0.03003388248956118,0.20756342366533065,20344,20367,-0.02070425330187642,0.02544027506455628,20367,0.9988707222467718
win_100,price_return,-3,0.005209418628880913,0.09924862973517783,20359,20367,-0.02322163433274549,-0.005729789515395318,20367,0.9996072077380076
win_100,price_return,0,0.0,0.0,20367,20367,0.0,0.0,20367,1.0
win_100,price_return,3,0.27873303167420804,0.3502135587004328,20351,20367,0.05744215494416949,0.07128051206185455,20367,0.9992144154760151
win_100,price_return,6,0.6127392920503506,0.7419290742316419,20208,20367,0.09954299148939205,0.12671648433781896,20367,0.9921932537929002
win_100,price_return,9,1.0066062553361286,1.1892957881480302,19922,20367,0.14496389628628592,0.18961522024666697,20367,0.9781509304266706
win_100,price_return,12,1.3636000911992703,1.6881676519532445,19491,20367,0.1883737219653394,0.25003887829539356,20367,0.956989247311828
win_100,price_return,15,1.4303797468354427,1.752044480730889,18997,20367,0.21024834251039448,0.29699913675698775,20367,0.9327343251337948
win_100,price_return,18,1.4259738283627512,1.786051353845117,17881,20367,0.2521593650299587,0.3272697246100868,19512,0.8779398045858496
win_100,price_return,21,1.426935063799489,1.8357073282925869,17194,20367,0.24590500560741746,0.33525288249969976,19008,0.844208769087249
win_100,price_return,24,1.3880239520958084,1.8305498819028037,16715,20367,0.24464216407249506,0.34924077914805873,18683,0.8206903324004517
win_100,rev_growth_yoy,-24,0.1235518856297757,1.040910531959316,16085,20367,0.0991668587918978,0.5283651894549591,20367,0.7897579417685472
win_100,rev_growth_yoy,-21,0.11830250635501127,1.962021450486371,16408,20367,0.09964969859114448,0.524038692479768,20367,0.8056169293464919
win_100,rev_growth_yoy,-18,0.10909881766776075,1.6632470459990532,16707,20367,0.09233812181374135,0.48818056942733684,20367,0.8202975401384592
win_100,rev_growth_yoy,-15,0.09991191679814726,1.1735086097400866,17064,20367,0.08599547287695075,0.38729487921914535,20367,0.8378258948298718
win_100,rev_growth_yoy,-12,0.09241099151435272,0.943674322522612,17454,20367,0.06993098299741218,0.38027983463192594,20367,0.8569745176020033
win_100,rev_growth_yoy,-9,0.0831224340588268,29.55299863498426,17873,20367,0.052458445403355425,0.4072179430909859,20367,0.8775470123238572
win_100,rev_growth_yoy,-6,0.07983738430931586,1.2921368044625763,18247,20367,0.04970860806646504,0.3799487539525577,20367,0.8959100505720037
win_100,rev_growth_yoy,-3,0.07614614438784462,1.3107192824532987,18567,20367,0.050013043170019866,0.39815884518391936,20367,0.9116217410517012
win_100,rev_growth_yoy,0,0.06681996483159747,2.4324475340003286,18887,20367,0.048587586585373876,0.5591390328952146,20367,0.9273334315313988
win_100,rev_growth_yoy,3,0.07410803062976967,5.636920673794244,19213,20367,0.044604478760766675,0.5672649897492515,20367,0.9433397162075907
win_100,rev_growth_yoy,6,0.10138329832548099,3.957392250688028,19222,20367,0.04701195219123511,0.48084111496792853,20367,0.9437816075023322
win_100,rev_growth_yoy,9,0.15042556444625665,-0.45623302762984125,19227,20367,0.051833074564892945,0.5431371111816677,20367,0.9440271026660775
win_100,rev_growth_yoy,12,0.20241969203919497,2.1064855556266577,19252,20367,0.06333793334169702,0.5839579461324117,20367,0.9452545784848039
win_100,rev_growth_yoy,15,0.24222482990326477,5.117238361522083,19296,20367,0.07760849659097047,0.611923775007281,20367,0.9474149359257623
win_100,rev_growth_yoy,18,0.24086368091580035,7.230570054297787,19284,20367,0.08720576771734301,0.7644737535510747,20367,0.9468257475327736
win_100,rev_growth_yoy,21,0.20784373817418145,5.122220845811862,19142,20367,0.08816568047337281,0.7551859033995961,20367,0.9398536848824078
win_100,rev_growth_yoy,24,0.18134433253967575,5.805206110594,18882,20367,0.08827761973717507,0.5684903143002633,20367,0.9270879363676535
win_100,shares_change,-24,-0.026191668114354638,-0.0763166875881484,18738,20367,-0.00715692730250439,-0.039912912364964165,20367,0.9200176756517897
win_100,shares_change,-21,-0.022220612574168574,-0.06787305045385454,19142,20367,-0.006078787372363781,-0.037104820860913566,20367,0.9398536848824078
win_100,shares_change,-18,-0.018237666675616826,-0.05910898444642092,19524,20367,-0.004867848926649709,-0.031956226873481146,20367,0.9586095153925468
win_100,shares_change,-15,-0.014750701804742361,-0.05036604299133455,19866,20367,-0.00414123816460199,-0.02743727998689831,20367,0.9754013845927235
win_100,shares_change,-12,-0.011310834814848125,-0.04205701358353741,20170,20367,-0.00342480646951826,-0.022452469994146462,20367,0.9903274905484362
win_100,shares_change,-9,-0.007810673450660166,-0.03279299181690568,20342,20367,-0.002635688689786142,-0.01801221837010646,20367,0.9987725241812736
win_100,shares_change,-6,-0.0046487527947559615,-0.02367598186069428,20367,20367,-0.001831626697893718,-0.013587412852164586,20367,1.0
win_100,shares_change,-3,-0.0015772550603959656,-0.012462739512416365,20367,20367,-0.0006836395336133338,-0.006426207405437565,20367,1.0
win_100,shares_change,0,0.0,0.0,20367,20367,0.0,0.0,20367,1.0
win_100,shares_change,3,0.0015766699527166583,0.029830424780814442,20367,20367,0.0006615559318046138,0.014522860972326721,20367,1.0
win_100,shares_change,6,0.005414475414127207,0.055305377897384995,20367,20367,0.0019515956381022104,0.0269783527159795,20367,1.0
win_100,shares_change,9,0.010714132222467754,0.08224483462960365,20367,20367,0.003114880394075148,0.03892882364258741,20367,1.0
win_100,shares_change,12,0.018108121533037647,0.10874489228093297,20367,20367,0.0045035993311295375,0.05165018879405729,20367,1.0
win_100,shares_change,15,0.025793229944742535,0.135654279896222,20362,20367,0.005848226303833526,0.0654050527212204,20367,0.9997545048362547
win_100,shares_change,18,0.03173308288636334,0.15265096542762974,20289,20367,0.007036717500368939,0.08829762440331029,20367,0.9961702754455737
win_100,shares_change,21,0.037278098981320396,0.16511113653997386,20094,20367,0.007597478486410791,0.10741217474981175,20367,0.986595964059508
win_100,shares_change,24,0.042689534454564804,0.17559341999649059,19745,20367,0.008416107109988413,0.12768378076171918,20367,0.9694604016300878
win_100,insider_net_buys_12m,-24,0.0,4.5766580261743695,15817,20367,0.0,4.4604985213350234,15817,0.7765994009918005
win_100,insider_net_buys_12m,-21,0.0,4.6709864116758935,15896,20367,0.0,4.575933609958506,15896,0.7804782245789758
win_100,insider_net_buys_12m,-18,1.0,6.389784615384615,16250,20367,0.0,4.759324695720456,16250,0.7978592821721412
win_100,insider_net_buys_12m,-15,1.0,8.663180169286578,16540,20367,0.0,5.278719397363465,16540,0.8120980016693671
win_100,insider_net_buys_12m,-12,1.0,10.008205006242939,16819,20367,0.0,5.700666111573689,16819,0.8257966318063534
win_100,insider_net_buys_12m,-9,1.0,10.749706365985435,17028,20367,0.0,6.016778523489933,17028,0.8360583296509059
win_100,insider_net_buys_12m,-6,1.0,9.685379574320013,17243,20367,0.0,6.006603773584906,17243,0.8466146216919527
win_100,insider_net_buys_12m,-3,1.0,8.147443717422647,18034,20367,0.0,5.6248812915479585,18034,0.885451956596455
win_100,insider_net_buys_12m,0,1.0,7.422667866024657,18899,20367,0.0,5.219280099296649,18899,0.9279226199243875
win_100,insider_net_buys_12m,3,1.0,6.411718790654108,19217,20367,0.0,4.872359154929577,19217,0.9435361123385869
win_100,insider_net_buys_12m,6,1.0,5.360521260578371,19261,20367,0.0,4.6861407249466955,19261,0.9456964697795454
win_100,insider_net_buys_12m,9,0.0,4.3180474140167036,19277,20367,0.0,4.4401256380054965,19277,0.9464820543035303
win_100,insider_net_buys_12m,12,0.0,3.5223137925672523,19293,20367,0.0,3.7031313542090283,19293,0.9472676388275151
win_100,insider_net_buys_12m,15,0.0,3.345833117522142,19307,20367,0.0,3.4178674351585014,19307,0.9479550252860018
win_100,insider_net_buys_12m,18,0.0,3.483595158382694,19415,20367,0.0,3.3127941805733845,19415,0.9532577208228998
win_100,insider_net_buys_12m,21,0.0,3.554252649905269,19529,20367,0.0,3.409801436417406,19529,0.9588550105562921
win_100,insider_net_buys_12m,24,0.0,3.667174564477627,19689,20367,0.0,3.7160337552742617,19689,0.9667108557961408
win_100,ev_total_t12,-24,13.0,14.1549361328024,19337,20367,13.0,14.226808336738864,19337,0.9494279962684735
win_100,ev_total_t12,-21,13.0,14.38148833384726,19458,20367,13.0,14.449369839200347,19458,0.9553689792311092
win_100,ev_total_t12,-18,13.0,14.622911450615707,19571,20367,13.0,14.656019656019655,19571,0.9609171699317524
win_100,ev_total_t12,-15,13.0,14.814070097244732,19744,20367,13.0,14.846685644570965,19744,0.9694113025973389
win_100,ev_total_t12,-12,14.0,14.946868595991402,20007,20367,13.0,14.982523444160273,20007,0.9823243482103402
win_100,ev_total_t12,-9,14.0,15.092059099668923,20237,20367,14.0,15.048868778280543,20237,0.9936171257426228
win_100,ev_total_t12,-6,14.0,15.235950636707802,20339,20367,14.0,15.184557438794727,20339,0.9986252270830265
win_100,ev_total_t12,-3,14.0,15.423724652624344,20367,20367,14.0,15.212105798575788,20367,1.0
win_100,ev_total_t12,0,14.0,15.674718908037512,20367,20367,14.0,15.380560928433269,20367,1.0
win_100,ev_total_t12,3,15.0,15.957823930868562,20367,20367,14.0,15.541379310344828,20367,1.0
win_100,ev_total_t12,6,15.0,16.16325428389061,20367,20367,14.0,15.561360874848116,20367,1.0
win_100,ev_total_t12,9,15.0,16.277802327294154,20367,20367,14.0,15.478136493665714,20367,1.0
win_100,ev_total_t12,12,15.0,16.335886483036283,20367,20367,14.0,15.296152183311717,20367,1.0
win_100,ev_total_t12,15,14.0,16.10016202680807,20367,20367,14.0,15.08515100671141,20367,1.0
win_100,ev_total_t12,18,14.0,15.578533902882112,20367,20367,13.0,14.821994408201304,20367,1.0
win_100,ev_total_t12,21,13.0,14.883438896253743,20367,20367,13.0,14.563288563288562,20367,1.0
win_100,ev_total_t12,24,13.0,14.033436441302106,20367,20367,13.0,14.263482914779745,20367,1.0
