label,cluster,field,mean_z
launch_300,1,years_since_first_price,-0.01784855469336056
launch_300,1,drawdown_from_3y_high,-0.6556425428501507
launch_300,1,months_since_3y_low,-0.5075998255601744
launch_300,1,realized_vol_12m,0.4515228485616728
launch_300,1,avg_dollar_volume_20d,-0.22442235498319235
launch_300,1,price,-0.4882297465454759
launch_300,1,marketcap_musd,-0.39988400949685826
launch_300,1,rev_growth_yoy,0.0029411727914466397
launch_300,1,gross_margin,-0.1136597374117077
launch_300,1,op_margin,-0.061244968352492046
launch_300,1,cash_to_mcap,0.22758935363404786
launch_300,1,net_debt_to_mcap,0.21359057188110014
launch_300,1,capex_to_rev,0.02931051815903359
launch_300,1,rnd_to_rev,0.059296045633747484
launch_300,1,shares_chg_4q,0.022162515941778843
launch_300,1,shares_chg_8q,0.03438254498464475
launch_300,1,rev_growth_streak,-0.200378908465675
launch_300,1,quarters_since_loss,-0.1853613257966909
launch_300,1,ev11_t12,-0.008390330247066072
launch_300,1,ev12_t12,0.009791015904846209
launch_300,1,ev21_t12,0.02240653013009121
launch_300,1,ev22_t12,0.023792553206048145
launch_300,1,ev23_t12,-0.02407623511949605
launch_300,1,ev32_t12,0.02225084839589229
launch_300,1,ev53_t12,0.12120254536405745
launch_300,1,ev71_t12,0.09780750365097148
launch_300,1,ev81_t12,0.051693353248632015
launch_300,1,insider_net_buys_12m,0.0897279985616733
launch_300,1,officer_buys_12m,0.12822413492576992
launch_300,1,inst_pct,0.025418252400743413
launch_300,1,inst_pct_delta_4q,-0.13693924775071487
launch_300,1,spy_drawdown,-0.22378933436216886
launch_300,1,months_since_trough,-0.17219173260208515
launch_300,1,pr_ret_6m_skip1,-0.5491127995167876
launch_300,1,pr_ret_12m_skip1,-0.6166253036804924
launch_300,1,pr_rev_growth_accel,-0.16698819933002304
launch_300,1,pr_op_margin_delta,-0.24484770166987266
launch_300,1,pr_fcf_ps_slope,0.002078381713552895
launch_300,1,pr_pct_from_52w_high,0.6434823793767687
launch_300,1,pr_dist_above_30w_sma,-0.5232863660957078
launch_300,1,pr_atr_contraction,-0.0490271657740196
launch_300,1,pr_inst_pct,0.01727458263009583
launch_300,1,pr_inst_pct_delta_qoq,-0.14898324090615445
launch_300,1,pr_insider_buy_count_90d,0.24591459384395775
launch_300,1,pr_net_debt_to_ebitda,0.239411000348681
launch_300,1,pr_share_count_change_8q,0.020233747485619846
launch_300,1,pr_shareholder_yield,0.03736511995159657
launch_300,1,pr_marketcap,-0.3538694433133337
launch_300,1,pr_pb,-0.49606505793357125
launch_300,1,pr_dividend_yield,0.12208882992283929
launch_300,1,pr_realized_vol_12m,0.3302330824197856
launch_300,2,years_since_first_price,0.018846776920474834
launch_300,2,drawdown_from_3y_high,0.6923108877418652
launch_300,2,months_since_3y_low,0.5359885347334727
launch_300,2,realized_vol_12m,-0.4767753214496828
launch_300,2,avg_dollar_volume_20d,0.23697370084028307
launch_300,2,price,0.5155351386801895
launch_300,2,marketcap_musd,0.42224845935877525
launch_300,2,rev_growth_yoy,-0.0031056647687885642
launch_300,2,gross_margin,0.12001642444668345
launch_300,2,op_margin,0.06467023665901288
launch_300,2,cash_to_mcap,-0.24031782130860974
launch_300,2,net_debt_to_mcap,-0.22553612489739489
launch_300,2,capex_to_rev,-0.030949777539820828
launch_300,2,rnd_to_rev,-0.06261231587234613
launch_300,2,shares_chg_4q,-0.023402006556113478
launch_300,2,shares_chg_8q,-0.03630546934564057
launch_300,2,rev_growth_streak,0.21158556826036154
launch_300,2,quarters_since_loss,0.19572809210558814
launch_300,2,ev11_t12,0.008859579118436366
launch_300,2,ev12_t12,-0.010338601402392521
launch_300,2,ev21_t12,-0.023659667809451057
launch_300,2,ev22_t12,-0.025123207472351545
launch_300,2,ev23_t12,0.02542275496126528
launch_300,2,ev32_t12,-0.023495279209620464
launch_300,2,ev53_t12,-0.12798108160095725
launch_300,2,ev71_t12,-0.10327761738288536
launch_300,2,ev81_t12,-0.05458442510813971
launch_300,2,insider_net_buys_12m,-0.09474624704719706
launch_300,2,officer_buys_12m,-0.1353953700052704
launch_300,2,inst_pct,-0.026839827702314443
launch_300,2,inst_pct_delta_4q,0.1445978959279775
launch_300,2,spy_drawdown,0.23630527705833224
launch_300,2,months_since_trough,0.18182195856501251
launch_300,2,pr_ret_6m_skip1,0.5798232189926307
launch_300,2,pr_ret_12m_skip1,0.6511115180832734
launch_300,2,pr_rev_growth_accel,0.17632740550670226
launch_300,2,pr_op_margin_delta,0.25854138288181133
launch_300,2,pr_fcf_ps_slope,-0.002194620078985632
launch_300,2,pr_pct_from_52w_high,-0.679470638644016
launch_300,2,pr_dist_above_30w_sma,0.5525523817903532
launch_300,2,pr_atr_contraction,0.051769124854115015
launch_300,2,pr_inst_pct,-0.018240704125182878
launch_300,2,pr_inst_pct_delta_qoq,0.15731547761075293
launch_300,2,pr_insider_buy_count_90d,-0.2596679434996664
launch_300,2,pr_net_debt_to_ebitda,-0.25280062130508446
launch_300,2,pr_share_count_change_8q,-0.021365367206373855
launch_300,2,pr_shareholder_yield,-0.03945485180357395
launch_300,2,pr_marketcap,0.3736604207835347
launch_300,2,pr_pb,0.5238086582099708
launch_300,2,pr_dividend_yield,-0.12891693369959453
launch_300,2,pr_realized_vol_12m,-0.3487021410446029
win_100,1,years_since_first_price,-0.03393528776693695
win_100,1,drawdown_from_3y_high,-0.6498119073034484
win_100,1,months_since_3y_low,-0.4728051616318629
win_100,1,realized_vol_12m,0.3866146137139764
win_100,1,avg_dollar_volume_20d,-0.24619529210512647
win_100,1,price,-0.49349604516671225
win_100,1,marketcap_musd,-0.3711581590464758
win_100,1,rev_growth_yoy,-0.008024621125599245
win_100,1,gross_margin,-0.0182483952410295
win_100,1,op_margin,-0.024758720913894527
win_100,1,cash_to_mcap,0.21887471903829783
win_100,1,net_debt_to_mcap,0.10707622680588556
win_100,1,capex_to_rev,0.009961263053084837
win_100,1,rnd_to_rev,0.021733130894291224
win_100,1,shares_chg_4q,0.03257554511193225
win_100,1,shares_chg_8q,0.023376494934091763
win_100,1,rev_growth_streak,-0.2590795574324405
win_100,1,quarters_since_loss,-0.22980142905863324
win_100,1,ev11_t12,0.024224283795172736
win_100,1,ev12_t12,-0.01694263539357526
win_100,1,ev21_t12,-0.012036677858255154
win_100,1,ev22_t12,0.053292030227781804
win_100,1,ev23_t12,0.046158124865000774
win_100,1,ev32_t12,0.019918947278553638
win_100,1,ev53_t12,0.07131426781970081
win_100,1,ev71_t12,0.09605607869942118
win_100,1,ev81_t12,0.0362216817051016
win_100,1,insider_net_buys_12m,0.04492601732293024
win_100,1,officer_buys_12m,0.07739374945334727
win_100,1,inst_pct,-0.013356369302226542
win_100,1,inst_pct_delta_4q,-0.0931882365952094
win_100,1,spy_drawdown,-0.19503132258711034
win_100,1,months_since_trough,-0.12835515983013185
win_100,1,pr_ret_6m_skip1,-0.5145849055696718
win_100,1,pr_ret_12m_skip1,-0.5871962247384049
win_100,1,pr_eps_growth_q0,-0.3123593438968729
win_100,1,pr_rev_growth_accel,-0.17201192573722388
win_100,1,pr_op_margin_delta,-0.2352481653966915
win_100,1,pr_pe,-0.2573784700644553
win_100,1,pr_fcf_ps_slope,-0.05731356205457822
win_100,1,pr_pct_from_52w_high,0.6373121919551542
win_100,1,pr_dist_above_30w_sma,-0.49022258121504886
win_100,1,pr_atr_contraction,-0.0416632282523923
win_100,1,pr_inst_pct,-0.014695489145834555
win_100,1,pr_inst_pct_delta_qoq,-0.13047217895552196
win_100,1,pr_insider_buy_count_90d,0.21017440925332206
win_100,1,pr_net_debt_to_ebitda,0.25842640741427314
win_100,1,pr_share_count_change_8q,0.008821485926238999
win_100,1,pr_shareholder_yield,0.05919612778380722
win_100,1,pr_marketcap,-0.350490860907342
win_100,1,pr_pb,-0.4591003876032806
win_100,1,pr_dividend_yield,0.12502313227648784
win_100,1,pr_realized_vol_12m,0.30770497972836697
win_100,2,years_since_first_price,0.03695291797144292
win_100,2,drawdown_from_3y_high,0.7075951815221239
win_100,2,months_since_3y_low,0.5148484513892809
win_100,2,realized_vol_12m,-0.4209935747488496
win_100,2,avg_dollar_volume_20d,0.2680877350030906
win_100,2,price,0.5373792319523064
win_100,2,marketcap_musd,0.40416268457399457
win_100,2,rev_growth_yoy,0.008738195127229453
win_100,2,gross_margin,0.01987109869477034
win_100,2,op_margin,0.026960342558237774
win_100,2,cash_to_mcap,-0.23833773251585716
win_100,2,net_debt_to_mcap,-0.11659777435877816
win_100,2,capex_to_rev,-0.01084704921380528
win_100,2,rnd_to_rev,-0.023665707764583564
win_100,2,shares_chg_4q,-0.03547226281573176
win_100,2,shares_chg_8q,-0.025455204791307924
win_100,2,rev_growth_streak,0.2821177088472022
win_100,2,quarters_since_loss,0.2502360792118471
win_100,2,ev11_t12,-0.02637838164649723
win_100,2,ev12_t12,0.01844922666395782
win_100,2,ev21_t12,0.01310701628934309
win_100,2,ev22_t12,-0.05803092153111402
win_100,2,ev23_t12,-0.05026264735299616
win_100,2,ev32_t12,-0.021690201359631196
win_100,2,ev53_t12,-0.07765575194274502
win_100,2,ev71_t12,-0.10459768077453888
win_100,2,ev81_t12,-0.03944262509364768
win_100,2,insider_net_buys_12m,-0.04892097701718464
win_100,2,officer_buys_12m,-0.0842758397893526
win_100,2,inst_pct,0.014544058757102532
win_100,2,inst_pct_delta_4q,0.10147482132629114
win_100,2,spy_drawdown,0.21237410788793343
win_100,2,months_since_trough,0.13976889558118052
win_100,2,pr_ret_6m_skip1,0.5603433787110981
win_100,2,pr_ret_12m_skip1,0.6394115197997591
win_100,2,pr_eps_growth_q0,0.34013529786185565
win_100,2,pr_rev_growth_accel,0.18730775544124137
win_100,2,pr_op_margin_delta,0.256167156104274
win_100,2,pr_pe,0.28026535555634086
win_100,2,pr_fcf_ps_slope,0.06241006034189274
win_100,2,pr_pct_from_52w_high,-0.6939839530243967
win_100,2,pr_dist_above_30w_sma,0.5338146815138636
win_100,2,pr_atr_contraction,0.04536805070314364
win_100,2,pr_inst_pct,0.016002257257571668
win_100,2,pr_inst_pct_delta_qoq,0.14207416656110577
win_100,2,pr_insider_buy_count_90d,-0.2288637644146175
win_100,2,pr_net_debt_to_ebitda,-0.2814064787197275
win_100,2,pr_share_count_change_8q,-0.009605919597834245
win_100,2,pr_shareholder_yield,-0.06446002960827517
win_100,2,pr_marketcap,0.38165758669264116
win_100,2,pr_pb,0.4999250066855413
win_100,2,pr_dividend_yield,-0.13614057388507397
win_100,2,pr_realized_vol_12m,-0.3350670533103666
