label,field,winner_coverage,used,imputed_share,log1p
launch_300,years_since_first_price,1.0,True,0.0,False
launch_300,drawdown_from_3y_high,0.7888863055103464,True,0.21111369448965356,False
launch_300,months_since_3y_low,0.7888863055103464,True,0.21111369448965356,False
launch_300,realized_vol_12m,0.9760520809114159,True,0.02394791908858407,False
launch_300,avg_dollar_volume_20d,1.0,True,0.0,True
launch_300,price,1.0,True,0.0,True
launch_300,marketcap_musd,1.0,True,0.0,True
launch_300,rev_growth_yoy,0.9160660311555452,True,0.08393396884445481,False
launch_300,gross_margin,0.9388514299000232,True,0.06114857009997676,False
launch_300,op_margin,0.9374564054870961,True,0.06254359451290392,False
launch_300,cash_to_mcap,1.0,True,0.0,False
launch_300,net_debt_to_mcap,1.0,True,0.0,False
launch_300,capex_to_rev,0.9374564054870961,True,0.06254359451290392,False
launch_300,rnd_to_rev,0.9374564054870961,True,0.06254359451290392,False
launch_300,shares_chg_4q,0.9883747965589398,True,0.011625203441060217,False
launch_300,shares_chg_8q,0.8902580795163916,True,0.10974192048360842,False
launch_300,rev_growth_streak,0.9160660311555452,True,0.08393396884445481,False
launch_300,quarters_since_loss,1.0,True,0.0,False
launch_300,ev11_t12,1.0,True,0.0,False
launch_300,ev12_t12,1.0,True,0.0,False
launch_300,ev21_t12,1.0,True,0.0,False
launch_300,ev22_t12,1.0,True,0.0,False
launch_300,ev23_t12,1.0,True,0.0,False
launch_300,ev32_t12,1.0,True,0.0,False
launch_300,ev53_t12,1.0,True,0.0,False
launch_300,ev71_t12,1.0,True,0.0,False
launch_300,ev81_t12,1.0,True,0.0,False
launch_300,insider_net_buys_12m,0.9532666821669379,True,0.046733317833062116,False
launch_300,officer_buys_12m,0.9532666821669379,True,0.046733317833062116,False
launch_300,inst_pct,0.6538014415252267,True,0.3461985584747733,False
launch_300,inst_pct_delta_4q,0.6010230179028133,True,0.3989769820971867,False
launch_300,spy_drawdown,1.0,True,0.0,False
launch_300,months_since_trough,1.0,True,0.0,False
launch_300,pr_ret_6m_skip1,0.9944199023482911,True,0.00558009765170886,False
launch_300,pr_ret_12m_skip1,0.9707044873285282,True,0.02929551267147179,False
launch_300,pr_eps_growth_q0,0.4633806091606603,False,,False
launch_300,pr_rev_growth_accel,0.8230644036270635,True,0.17693559637293654,False
launch_300,pr_op_margin_delta,0.905603348058591,True,0.094396651941409,False
launch_300,pr_peg,0.1755405719600093,False,,False
launch_300,pr_pe,0.415252266914671,False,,False
launch_300,pr_pe_vs_5y_median,0.3096954196698442,False,,False
launch_300,pr_fcf_ps_slope,0.9925598697977215,True,0.0074401302022785165,False
launch_300,pr_pegy,0.17786561264822134,False,,False
launch_300,pr_pct_from_52w_high,0.9765170890490583,True,0.023482910950941682,False
launch_300,pr_dist_above_30w_sma,0.9948849104859335,True,0.005115089514066473,False
launch_300,pr_atr_contraction,0.9979074633806092,True,0.0020925366193907946,False
launch_300,pr_inst_pct,0.6538014415252267,True,0.3461985584747733,False
launch_300,pr_inst_pct_delta_qoq,0.6472913275982329,True,0.35270867240176706,False
launch_300,pr_insider_buy_count_90d,0.9765170890490583,True,0.023482910950941682,False
launch_300,pr_net_debt_to_ebitda,0.5680074401302023,True,0.4319925598697977,False
launch_300,pr_share_count_change_8q,0.8902580795163916,True,0.10974192048360842,False
launch_300,pr_shareholder_yield,0.8895605673099279,True,0.11043943269007206,False
launch_300,pr_marketcap,1.0,True,0.0,False
launch_300,pr_pb,0.9186235759125785,True,0.08137642408742152,False
launch_300,pr_dividend_yield,0.9993024877935364,True,0.0006975122064636352,False
launch_300,pr_realized_vol_12m,0.9760520809114159,True,0.02394791908858407,False
win_100,years_since_first_price,1.0,True,0.0,False
win_100,drawdown_from_3y_high,0.8449452545784848,True,0.1550547454215152,False
win_100,months_since_3y_low,0.8449452545784848,True,0.1550547454215152,False
win_100,realized_vol_12m,0.9859085776010212,True,0.014091422398978759,False
win_100,avg_dollar_volume_20d,1.0,True,0.0,True
win_100,price,1.0,True,0.0,True
win_100,marketcap_musd,1.0,True,0.0,True
win_100,rev_growth_yoy,0.9273334315313988,True,0.0726665684686012,False
win_100,gross_margin,0.9498207885304659,True,0.05017921146953408,False
win_100,op_margin,0.9469239455982718,True,0.053076054401728245,False
win_100,cash_to_mcap,1.0,True,0.0,False
win_100,net_debt_to_mcap,1.0,True,0.0,False
win_100,capex_to_rev,0.9461874601070359,True,0.053812539892964084,False
win_100,rnd_to_rev,0.9469239455982718,True,0.053076054401728245,False
win_100,shares_chg_4q,0.992880640251387,True,0.007119359748612997,False
win_100,shares_chg_8q,0.91584425786812,True,0.08415574213188004,False
win_100,rev_growth_streak,0.9273334315313988,True,0.0726665684686012,False
win_100,quarters_since_loss,0.9996563067707566,True,0.0003436932292434358,False
win_100,ev11_t12,1.0,True,0.0,False
win_100,ev12_t12,1.0,True,0.0,False
win_100,ev21_t12,1.0,True,0.0,False
win_100,ev22_t12,1.0,True,0.0,False
win_100,ev23_t12,1.0,True,0.0,False
win_100,ev32_t12,1.0,True,0.0,False
win_100,ev53_t12,1.0,True,0.0,False
win_100,ev71_t12,1.0,True,0.0,False
win_100,ev81_t12,1.0,True,0.0,False
win_100,insider_net_buys_12m,0.9279226199243875,True,0.07207738007561248,False
win_100,officer_buys_12m,0.9279226199243875,True,0.07207738007561248,False
win_100,inst_pct,0.6424117444886336,True,0.3575882555113664,False
win_100,inst_pct_delta_4q,0.5890901949231601,True,0.41090980507683994,False
win_100,spy_drawdown,1.0,True,0.0,False
win_100,months_since_trough,1.0,True,0.0,False
win_100,pr_ret_6m_skip1,0.9984779299847792,True,0.0015220700152207556,False
win_100,pr_ret_12m_skip1,0.9809004762606177,True,0.019099523739382285,False
win_100,pr_eps_growth_q0,0.5644424804831345,True,0.4355575195168655,False
win_100,pr_rev_growth_accel,0.8633573918593803,True,0.13664260814061968,False
win_100,pr_op_margin_delta,0.9188883978985614,True,0.08111160210143864,False
win_100,pr_peg,0.23194383070653507,False,,False
win_100,pr_pe,0.5277655030195905,True,0.47223449698040953,False
win_100,pr_pe_vs_5y_median,0.43182599302793734,False,,False
win_100,pr_fcf_ps_slope,0.9957283841508322,True,0.004271615849167798,False
win_100,pr_pegy,0.23817940786566505,False,,False
win_100,pr_pct_from_52w_high,0.9860558746992685,True,0.013944125300731525,False
win_100,pr_dist_above_30w_sma,0.9986743261157756,True,0.001325673884224443,False
win_100,pr_atr_contraction,0.9996072077380076,True,0.0003927922619924029,False
win_100,pr_inst_pct,0.6424117444886336,True,0.3575882555113664,False
win_100,pr_inst_pct_delta_qoq,0.6350468895762753,True,0.3649531104237247,False
win_100,pr_insider_buy_count_90d,0.9461874601070359,True,0.053812539892964084,False
win_100,pr_net_debt_to_ebitda,0.6766337703147248,True,0.3233662296852752,False
win_100,pr_share_count_change_8q,0.91584425786812,True,0.08415574213188004,False
win_100,pr_shareholder_yield,0.9156478617371238,True,0.08435213826287624,False
win_100,pr_marketcap,1.0,True,0.0,False
win_100,pr_pb,0.9419158442578681,True,0.05808415574213188,False
win_100,pr_dividend_yield,0.9998036038690038,True,0.00019639613099620146,False
win_100,pr_realized_vol_12m,0.9859085776010212,True,0.014091422398978759,False
